NAME,B03001_002E,B03001_003E,state,county,tract
Census Tract 101; Cook County; Illinois,3364.0,920.0,17,031,010100
Census Tract 102.01; Cook County; Illinois,6207.0,2003.0,17,031,010201
Census Tract 102.02; Cook County; Illinois,2309.0,556.0,17,031,010202
Census Tract 103; Cook County; Illinois,5181.0,1056.0,17,031,010300
Census Tract 104; Cook County; Illinois,4095.0,378.0,17,031,010400
Census Tract 105.01; Cook County; Illinois,3683.0,230.0,17,031,010501
Census Tract 105.02; Cook County; Illinois,2836.0,571.0,17,031,010502
Census Tract 105.03; Cook County; Illinois,2387.0,30.0,17,031,010503
Census Tract 106; Cook County; Illinois,5489.0,890.0,17,031,010600
Census Tract 107.01; Cook County; Illinois,2493.0,1097.0,17,031,010701
Census Tract 107.02; Cook County; Illinois,3369.0,1779.0,17,031,010702
Census Tract 201; Cook County; Illinois,2900.0,1027.0,17,031,020100
Census Tract 202; Cook County; Illinois,5061.0,2142.0,17,031,020200
Census Tract 203.01; Cook County; Illinois,5085.0,347.0,17,031,020301
Census Tract 203.02; Cook County; Illinois,4549.0,652.0,17,031,020302
Census Tract 204; Cook County; Illinois,2753.0,1503.0,17,031,020400
Census Tract 205; Cook County; Illinois,5587.0,1059.0,17,031,020500
Census Tract 206.01; Cook County; Illinois,5059.0,809.0,17,031,020601
Census Tract 206.02; Cook County; Illinois,3956.0,1387.0,17,031,020602
Census Tract 207.01; Cook County; Illinois,1465.0,263.0,17,031,020701
Census Tract 207.02; Cook County; Illinois,6438.0,1974.0,17,031,020702
Census Tract 208.01; Cook County; Illinois,4057.0,1933.0,17,031,020801
Census Tract 208.02; Cook County; Illinois,6499.0,2216.0,17,031,020802
Census Tract 209.01; Cook County; Illinois,4593.0,1586.0,17,031,020901
Census Tract 209.02; Cook County; Illinois,3723.0,642.0,17,031,020902
Census Tract 301.01; Cook County; Illinois,3163.0,354.0,17,031,030101
Census Tract 301.02; Cook County; Illinois,2684.0,368.0,17,031,030102
Census Tract 301.03; Cook County; Illinois,1848.0,449.0,17,031,030103
Census Tract 301.04; Cook County; Illinois,2641.0,465.0,17,031,030104
Census Tract 302; Cook County; Illinois,4270.0,1284.0,17,031,030200
Census Tract 303; Cook County; Illinois,2584.0,1058.0,17,031,030300
Census Tract 304; Cook County; Illinois,2112.0,710.0,17,031,030400
Census Tract 305; Cook County; Illinois,5054.0,1290.0,17,031,030500
Census Tract 306.01; Cook County; Illinois,3530.0,241.0,17,031,030601
Census Tract 306.03; Cook County; Illinois,2029.0,276.0,17,031,030603
Census Tract 306.04; Cook County; Illinois,2670.0,251.0,17,031,030604
Census Tract 307.01; Cook County; Illinois,1325.0,184.0,17,031,030701
Census Tract 307.02; Cook County; Illinois,1974.0,292.0,17,031,030702
Census Tract 307.03; Cook County; Illinois,2547.0,546.0,17,031,030703
Census Tract 307.06; Cook County; Illinois,2482.0,106.0,17,031,030706
Census Tract 308; Cook County; Illinois,3796.0,440.0,17,031,030800
Census Tract 309; Cook County; Illinois,2695.0,381.0,17,031,030900
Census Tract 310; Cook County; Illinois,3046.0,606.0,17,031,031000
Census Tract 311; Cook County; Illinois,4540.0,358.0,17,031,031100
Census Tract 312; Cook County; Illinois,4568.0,1368.0,17,031,031200
Census Tract 313; Cook County; Illinois,5944.0,909.0,17,031,031300
Census Tract 314; Cook County; Illinois,4338.0,347.0,17,031,031400
Census Tract 315.01; Cook County; Illinois,4092.0,548.0,17,031,031501
Census Tract 315.02; Cook County; Illinois,3849.0,773.0,17,031,031502
Census Tract 317; Cook County; Illinois,5511.0,608.0,17,031,031700
Census Tract 318; Cook County; Illinois,1728.0,386.0,17,031,031800
Census Tract 319; Cook County; Illinois,2185.0,232.0,17,031,031900
Census Tract 321; Cook County; Illinois,5891.0,1388.0,17,031,032100
Census Tract 401; Cook County; Illinois,3277.0,734.0,17,031,040100
Census Tract 402.01; Cook County; Illinois,5665.0,1023.0,17,031,040201
Census Tract 402.02; Cook County; Illinois,5205.0,2760.0,17,031,040202
Census Tract 403; Cook County; Illinois,2311.0,752.0,17,031,040300
Census Tract 404.01; Cook County; Illinois,2637.0,794.0,17,031,040401
Census Tract 404.02; Cook County; Illinois,3832.0,749.0,17,031,040402
Census Tract 406; Cook County; Illinois,2359.0,426.0,17,031,040600
Census Tract 407; Cook County; Illinois,3458.0,291.0,17,031,040700
Census Tract 408; Cook County; Illinois,1278.0,299.0,17,031,040800
Census Tract 409; Cook County; Illinois,1741.0,265.0,17,031,040900
Census Tract 501; Cook County; Illinois,2365.0,148.0,17,031,050100
Census Tract 502; Cook County; Illinois,4755.0,791.0,17,031,050200
Census Tract 503; Cook County; Illinois,2336.0,493.0,17,031,050300
Census Tract 505; Cook County; Illinois,4928.0,271.0,17,031,050500
Census Tract 506; Cook County; Illinois,2069.0,163.0,17,031,050600
Census Tract 507; Cook County; Illinois,1293.0,163.0,17,031,050700
Census Tract 508; Cook County; Illinois,1079.0,319.0,17,031,050800
Census Tract 509; Cook County; Illinois,1149.0,239.0,17,031,050900
Census Tract 510; Cook County; Illinois,1504.0,203.0,17,031,051000
Census Tract 511; Cook County; Illinois,1527.0,378.0,17,031,051100
Census Tract 512; Cook County; Illinois,1423.0,153.0,17,031,051200
Census Tract 513; Cook County; Illinois,2550.0,527.0,17,031,051300
Census Tract 514; Cook County; Illinois,2236.0,299.0,17,031,051400
Census Tract 601; Cook County; Illinois,2818.0,360.0,17,031,060100
Census Tract 602; Cook County; Illinois,1774.0,373.0,17,031,060200
Census Tract 603; Cook County; Illinois,2401.0,420.0,17,031,060300
Census Tract 604; Cook County; Illinois,3334.0,357.0,17,031,060400
Census Tract 605; Cook County; Illinois,1179.0,108.0,17,031,060500
Census Tract 608; Cook County; Illinois,4682.0,637.0,17,031,060800
Census Tract 609; Cook County; Illinois,6289.0,654.0,17,031,060900
Census Tract 610; Cook County; Illinois,2098.0,226.0,17,031,061000
Census Tract 611; Cook County; Illinois,1221.0,215.0,17,031,061100
Census Tract 612; Cook County; Illinois,1791.0,261.0,17,031,061200
Census Tract 615; Cook County; Illinois,1906.0,117.0,17,031,061500
Census Tract 618; Cook County; Illinois,1054.0,150.0,17,031,061800
Census Tract 619.01; Cook County; Illinois,3033.0,484.0,17,031,061901
Census Tract 619.02; Cook County; Illinois,4630.0,308.0,17,031,061902
Census Tract 620; Cook County; Illinois,2653.0,237.0,17,031,062000
Census Tract 621; Cook County; Illinois,3291.0,355.0,17,031,062100
Census Tract 622; Cook County; Illinois,2713.0,439.0,17,031,062200
Census Tract 623; Cook County; Illinois,1505.0,104.0,17,031,062300
Census Tract 624; Cook County; Illinois,1644.0,155.0,17,031,062400
Census Tract 625; Cook County; Illinois,1247.0,173.0,17,031,062500
Census Tract 626; Cook County; Illinois,2152.0,219.0,17,031,062600
Census Tract 627; Cook County; Illinois,2890.0,156.0,17,031,062700
Census Tract 628; Cook County; Illinois,3358.0,324.0,17,031,062800
Census Tract 629; Cook County; Illinois,3723.0,415.0,17,031,062900
Census Tract 630; Cook County; Illinois,3006.0,274.0,17,031,063000
Census Tract 631; Cook County; Illinois,2227.0,125.0,17,031,063100
Census Tract 632; Cook County; Illinois,5955.0,425.0,17,031,063200
Census Tract 633.01; Cook County; Illinois,2553.0,439.0,17,031,063301
Census Tract 633.02; Cook County; Illinois,3927.0,175.0,17,031,063302
Census Tract 633.03; Cook County; Illinois,1174.0,24.0,17,031,063303
Census Tract 634; Cook County; Illinois,2215.0,220.0,17,031,063400
Census Tract 701.01; Cook County; Illinois,4103.0,480.0,17,031,070101
Census Tract 701.02; Cook County; Illinois,2813.0,167.0,17,031,070102
Census Tract 701.03; Cook County; Illinois,1319.0,120.0,17,031,070103
Census Tract 702; Cook County; Illinois,3604.0,415.0,17,031,070200
Census Tract 703; Cook County; Illinois,3633.0,185.0,17,031,070300
Census Tract 704; Cook County; Illinois,3244.0,177.0,17,031,070400
Census Tract 705; Cook County; Illinois,3045.0,140.0,17,031,070500
Census Tract 706; Cook County; Illinois,3018.0,176.0,17,031,070600
Census Tract 707; Cook County; Illinois,3205.0,536.0,17,031,070700
Census Tract 710; Cook County; Illinois,4232.0,293.0,17,031,071000
Census Tract 711; Cook County; Illinois,2868.0,318.0,17,031,071100
Census Tract 712; Cook County; Illinois,2189.0,197.0,17,031,071200
Census Tract 713; Cook County; Illinois,3909.0,220.0,17,031,071300
Census Tract 714; Cook County; Illinois,4559.0,204.0,17,031,071400
Census Tract 715; Cook County; Illinois,5755.0,236.0,17,031,071500
Census Tract 716; Cook County; Illinois,1826.0,77.0,17,031,071600
Census Tract 717; Cook County; Illinois,1458.0,27.0,17,031,071700
Census Tract 718; Cook County; Illinois,2526.0,200.0,17,031,071800
Census Tract 801; Cook County; Illinois,6335.0,272.0,17,031,080100
Census Tract 802.01; Cook County; Illinois,3171.0,65.0,17,031,080201
Census Tract 802.02; Cook County; Illinois,3493.0,307.0,17,031,080202
Census Tract 803; Cook County; Illinois,5208.0,628.0,17,031,080300
Census Tract 804; Cook County; Illinois,4730.0,158.0,17,031,080400
Census Tract 810; Cook County; Illinois,7492.0,658.0,17,031,081000
Census Tract 811; Cook County; Illinois,4294.0,161.0,17,031,081100
Census Tract 812.01; Cook County; Illinois,4206.0,222.0,17,031,081201
Census Tract 812.02; Cook County; Illinois,3305.0,132.0,17,031,081202
Census Tract 813; Cook County; Illinois,5643.0,371.0,17,031,081300
Census Tract 814.01; Cook County; Illinois,2005.0,166.0,17,031,081401
Census Tract 814.02; Cook County; Illinois,5257.0,685.0,17,031,081402
Census Tract 814.03; Cook County; Illinois,8590.0,397.0,17,031,081403
Census Tract 815; Cook County; Illinois,4652.0,254.0,17,031,081500
Census Tract 816; Cook County; Illinois,3553.0,172.0,17,031,081600
Census Tract 817; Cook County; Illinois,4575.0,642.0,17,031,081700
Census Tract 818; Cook County; Illinois,10772.0,1441.0,17,031,081800
Census Tract 819; Cook County; Illinois,1003.0,108.0,17,031,081900
Census Tract 901; Cook County; Illinois,3024.0,502.0,17,031,090100
Census Tract 902; Cook County; Illinois,5534.0,971.0,17,031,090200
Census Tract 903; Cook County; Illinois,1170.0,201.0,17,031,090300
Census Tract 1001; Cook County; Illinois,4532.0,1358.0,17,031,100100
Census Tract 1002; Cook County; Illinois,5461.0,2103.0,17,031,100200
Census Tract 1003; Cook County; Illinois,5584.0,863.0,17,031,100300
Census Tract 1004; Cook County; Illinois,2894.0,431.0,17,031,100400
Census Tract 1005; Cook County; Illinois,5122.0,692.0,17,031,100500
Census Tract 1006; Cook County; Illinois,3351.0,1563.0,17,031,100600
Census Tract 1007; Cook County; Illinois,4570.0,802.0,17,031,100700
Census Tract 1101; Cook County; Illinois,4633.0,1143.0,17,031,110100
Census Tract 1102; Cook County; Illinois,1809.0,1012.0,17,031,110200
Census Tract 1103; Cook County; Illinois,4056.0,1248.0,17,031,110300
Census Tract 1104; Cook County; Illinois,3417.0,1084.0,17,031,110400
Census Tract 1105.01; Cook County; Illinois,3542.0,1555.0,17,031,110501
Census Tract 1105.02; Cook County; Illinois,2781.0,752.0,17,031,110502
Census Tract 1201; Cook County; Illinois,4071.0,329.0,17,031,120100
Census Tract 1202; Cook County; Illinois,4401.0,172.0,17,031,120200
Census Tract 1203; Cook County; Illinois,6367.0,679.0,17,031,120300
Census Tract 1204; Cook County; Illinois,2877.0,959.0,17,031,120400
Census Tract 1301; Cook County; Illinois,4611.0,284.0,17,031,130100
Census Tract 1302; Cook County; Illinois,1021.0,524.0,17,031,130200
Census Tract 1303; Cook County; Illinois,3848.0,1192.0,17,031,130300
Census Tract 1401; Cook County; Illinois,2159.0,1361.0,17,031,140100
Census Tract 1402; Cook County; Illinois,3871.0,2732.0,17,031,140200
Census Tract 1403.01; Cook County; Illinois,1265.0,1643.0,17,031,140301
Census Tract 1403.02; Cook County; Illinois,2182.0,1129.0,17,031,140302
Census Tract 1404; Cook County; Illinois,4091.0,1820.0,17,031,140400
Census Tract 1405; Cook County; Illinois,2016.0,1155.0,17,031,140500
Census Tract 1406.01; Cook County; Illinois,1566.0,1196.0,17,031,140601
Census Tract 1406.02; Cook County; Illinois,1871.0,2832.0,17,031,140602
Census Tract 1407.01; Cook County; Illinois,1438.0,1552.0,17,031,140701
Census Tract 1407.02; Cook County; Illinois,1908.0,3664.0,17,031,140702
Census Tract 1408; Cook County; Illinois,4213.0,1999.0,17,031,140800
Census Tract 1502; Cook County; Illinois,5059.0,2204.0,17,031,150200
Census Tract 1503; Cook County; Illinois,5569.0,1703.0,17,031,150300
Census Tract 1504.01; Cook County; Illinois,3651.0,1495.0,17,031,150401
Census Tract 1504.02; Cook County; Illinois,2300.0,1645.0,17,031,150402
Census Tract 1505.01; Cook County; Illinois,2917.0,937.0,17,031,150501
Census Tract 1505.02; Cook County; Illinois,2538.0,1415.0,17,031,150502
Census Tract 1506; Cook County; Illinois,2340.0,1883.0,17,031,150600
Census Tract 1507; Cook County; Illinois,2232.0,2221.0,17,031,150700
Census Tract 1508; Cook County; Illinois,2192.0,2476.0,17,031,150800
Census Tract 1510.01; Cook County; Illinois,768.0,2048.0,17,031,151001
Census Tract 1510.02; Cook County; Illinois,1398.0,3494.0,17,031,151002
Census Tract 1511; Cook County; Illinois,2249.0,3198.0,17,031,151100
Census Tract 1512; Cook County; Illinois,2274.0,1783.0,17,031,151200
Census Tract 1601; Cook County; Illinois,2103.0,654.0,17,031,160100
Census Tract 1602; Cook County; Illinois,2470.0,886.0,17,031,160200
Census Tract 1603; Cook County; Illinois,3135.0,550.0,17,031,160300
Census Tract 1604; Cook County; Illinois,3413.0,1758.0,17,031,160400
Census Tract 1605.01; Cook County; Illinois,1687.0,1583.0,17,031,160501
Census Tract 1605.02; Cook County; Illinois,1807.0,2205.0,17,031,160502
Census Tract 1606.01; Cook County; Illinois,2174.0,829.0,17,031,160601
Census Tract 1606.02; Cook County; Illinois,2322.0,1435.0,17,031,160602
Census Tract 1607; Cook County; Illinois,3811.0,2454.0,17,031,160700
Census Tract 1608; Cook County; Illinois,2051.0,3185.0,17,031,160800
Census Tract 1609; Cook County; Illinois,1895.0,525.0,17,031,160900
Census Tract 1610; Cook County; Illinois,1546.0,440.0,17,031,161000
Census Tract 1611; Cook County; Illinois,1661.0,363.0,17,031,161100
Census Tract 1612; Cook County; Illinois,1259.0,1614.0,17,031,161200
Census Tract 1613; Cook County; Illinois,1597.0,2172.0,17,031,161300
Census Tract 1701; Cook County; Illinois,1834.0,196.0,17,031,170100
Census Tract 1702; Cook County; Illinois,2026.0,1726.0,17,031,170200
Census Tract 1703; Cook County; Illinois,3242.0,1739.0,17,031,170300
Census Tract 1704; Cook County; Illinois,2798.0,1191.0,17,031,170400
Census Tract 1705; Cook County; Illinois,3699.0,1462.0,17,031,170500
Census Tract 1706; Cook County; Illinois,1934.0,556.0,17,031,170600
Census Tract 1707; Cook County; Illinois,2222.0,1038.0,17,031,170700
Census Tract 1708; Cook County; Illinois,2644.0,1365.0,17,031,170800
Census Tract 1709; Cook County; Illinois,950.0,1020.0,17,031,170900
Census Tract 1710; Cook County; Illinois,4533.0,2296.0,17,031,171000
Census Tract 1711; Cook County; Illinois,2072.0,2031.0,17,031,171100
Census Tract 1801; Cook County; Illinois,3075.0,3469.0,17,031,180100
Census Tract 1901; Cook County; Illinois,286.0,2052.0,17,031,190100
Census Tract 1902; Cook County; Illinois,1443.0,4415.0,17,031,190200
Census Tract 1903; Cook County; Illinois,2066.0,3223.0,17,031,190300
Census Tract 1904.01; Cook County; Illinois,1511.0,2608.0,17,031,190401
Census Tract 1904.02; Cook County; Illinois,1565.0,3331.0,17,031,190402
Census Tract 1906.01; Cook County; Illinois,650.0,3336.0,17,031,190601
Census Tract 1906.02; Cook County; Illinois,1285.0,4269.0,17,031,190602
Census Tract 1907.01; Cook County; Illinois,799.0,2036.0,17,031,190701
Census Tract 1907.02; Cook County; Illinois,818.0,3889.0,17,031,190702
Census Tract 1908; Cook County; Illinois,1248.0,4801.0,17,031,190800
Census Tract 1909; Cook County; Illinois,482.0,1387.0,17,031,190900
Census Tract 1910; Cook County; Illinois,183.0,2373.0,17,031,191000
Census Tract 1911; Cook County; Illinois,1078.0,5573.0,17,031,191100
Census Tract 1912; Cook County; Illinois,151.0,3624.0,17,031,191200
Census Tract 1913.01; Cook County; Illinois,897.0,4314.0,17,031,191301
Census Tract 1913.02; Cook County; Illinois,254.0,4185.0,17,031,191302
Census Tract 2001; Cook County; Illinois,920.0,2746.0,17,031,200100
Census Tract 2002; Cook County; Illinois,965.0,3470.0,17,031,200200
Census Tract 2003; Cook County; Illinois,341.0,1525.0,17,031,200300
Census Tract 2004.01; Cook County; Illinois,554.0,2854.0,17,031,200401
Census Tract 2004.02; Cook County; Illinois,1247.0,3825.0,17,031,200402
Census Tract 2101; Cook County; Illinois,2423.0,1771.0,17,031,210100
Census Tract 2104; Cook County; Illinois,667.0,1824.0,17,031,210400
Census Tract 2105.01; Cook County; Illinois,1317.0,1549.0,17,031,210501
Census Tract 2105.02; Cook County; Illinois,1789.0,2623.0,17,031,210502
Census Tract 2106.01; Cook County; Illinois,1677.0,1141.0,17,031,210601
Census Tract 2106.02; Cook County; Illinois,1913.0,2449.0,17,031,210602
Census Tract 2107; Cook County; Illinois,1843.0,1881.0,17,031,210700
Census Tract 2108; Cook County; Illinois,605.0,537.0,17,031,210800
Census Tract 2109; Cook County; Illinois,1945.0,1229.0,17,031,210900
Census Tract 2203; Cook County; Illinois,1491.0,507.0,17,031,220300
Census Tract 2204; Cook County; Illinois,2077.0,593.0,17,031,220400
Census Tract 2205; Cook County; Illinois,2082.0,728.0,17,031,220500
Census Tract 2206.01; Cook County; Illinois,1032.0,506.0,17,031,220601
Census Tract 2206.02; Cook County; Illinois,3252.0,1064.0,17,031,220602
Census Tract 2207.01; Cook County; Illinois,1281.0,1796.0,17,031,220701
Census Tract 2207.02; Cook County; Illinois,1930.0,2029.0,17,031,220702
Census Tract 2209.01; Cook County; Illinois,1004.0,2086.0,17,031,220901
Census Tract 2209.02; Cook County; Illinois,1015.0,2179.0,17,031,220902
Census Tract 2210; Cook County; Illinois,1238.0,1333.0,17,031,221000
Census Tract 2211; Cook County; Illinois,2799.0,1743.0,17,031,221100
Census Tract 2212; Cook County; Illinois,2485.0,380.0,17,031,221200
Census Tract 2213; Cook County; Illinois,1740.0,1271.0,17,031,221300
Census Tract 2214; Cook County; Illinois,2228.0,855.0,17,031,221400
Census Tract 2215; Cook County; Illinois,1812.0,955.0,17,031,221500
Census Tract 2216; Cook County; Illinois,2671.0,718.0,17,031,221600
Census Tract 2222; Cook County; Illinois,2055.0,188.0,17,031,222200
Census Tract 2225; Cook County; Illinois,1029.0,439.0,17,031,222500
Census Tract 2226; Cook County; Illinois,1108.0,500.0,17,031,222600
Census Tract 2227; Cook County; Illinois,1021.0,1181.0,17,031,222700
Census Tract 2228; Cook County; Illinois,381.0,671.0,17,031,222800
Census Tract 2229; Cook County; Illinois,374.0,612.0,17,031,222900
Census Tract 2301; Cook County; Illinois,942.0,694.0,17,031,230100
Census Tract 2302; Cook County; Illinois,885.0,1092.0,17,031,230200
Census Tract 2303; Cook County; Illinois,192.0,713.0,17,031,230300
Census Tract 2304; Cook County; Illinois,499.0,1617.0,17,031,230400
Census Tract 2305; Cook County; Illinois,614.0,2466.0,17,031,230500
Census Tract 2306; Cook County; Illinois,3371.0,5606.0,17,031,230600
Census Tract 2307; Cook County; Illinois,1437.0,4336.0,17,031,230700
Census Tract 2308; Cook County; Illinois,206.0,823.0,17,031,230800
Census Tract 2309; Cook County; Illinois,2229.0,2674.0,17,031,230900
Census Tract 2311; Cook County; Illinois,885.0,477.0,17,031,231100
Census Tract 2312; Cook County; Illinois,4978.0,979.0,17,031,231200
Census Tract 2315; Cook County; Illinois,4380.0,1429.0,17,031,231500
Census Tract 2402; Cook County; Illinois,1572.0,394.0,17,031,240200
Census Tract 2403; Cook County; Illinois,1204.0,68.0,17,031,240300
Census Tract 2405; Cook County; Illinois,2329.0,186.0,17,031,240500
Census Tract 2406; Cook County; Illinois,1303.0,336.0,17,031,240600
Census Tract 2407; Cook County; Illinois,1035.0,599.0,17,031,240700
Census Tract 2408; Cook County; Illinois,1100.0,380.0,17,031,240800
Census Tract 2409; Cook County; Illinois,687.0,406.0,17,031,240900
Census Tract 2410; Cook County; Illinois,1026.0,766.0,17,031,241000
Census Tract 2411; Cook County; Illinois,2583.0,1067.0,17,031,241100
Census Tract 2412; Cook County; Illinois,1475.0,223.0,17,031,241200
Census Tract 2413; Cook County; Illinois,1596.0,292.0,17,031,241300
Census Tract 2414; Cook County; Illinois,5187.0,397.0,17,031,241400
Census Tract 2415; Cook County; Illinois,2491.0,332.0,17,031,241500
Census Tract 2416; Cook County; Illinois,2747.0,650.0,17,031,241600
Census Tract 2420; Cook County; Illinois,3958.0,420.0,17,031,242000
Census Tract 2421; Cook County; Illinois,3094.0,723.0,17,031,242100
Census Tract 2422; Cook County; Illinois,3564.0,450.0,17,031,242200
Census Tract 2423; Cook County; Illinois,3166.0,639.0,17,031,242300
Census Tract 2424; Cook County; Illinois,2459.0,246.0,17,031,242400
Census Tract 2425; Cook County; Illinois,2326.0,929.0,17,031,242500
Census Tract 2426; Cook County; Illinois,3359.0,2153.0,17,031,242600
Census Tract 2427; Cook County; Illinois,1172.0,665.0,17,031,242700
Census Tract 2428; Cook County; Illinois,1134.0,316.0,17,031,242800
Census Tract 2429; Cook County; Illinois,1612.0,420.0,17,031,242900
Census Tract 2430; Cook County; Illinois,1678.0,545.0,17,031,243000
Census Tract 2431; Cook County; Illinois,1345.0,814.0,17,031,243100
Census Tract 2432; Cook County; Illinois,1822.0,507.0,17,031,243200
Census Tract 2433; Cook County; Illinois,1841.0,444.0,17,031,243300
Census Tract 2434; Cook County; Illinois,2166.0,765.0,17,031,243400
Census Tract 2435; Cook County; Illinois,3949.0,618.0,17,031,243500
Census Tract 2502; Cook County; Illinois,1444.0,1607.0,17,031,250200
Census Tract 2503; Cook County; Illinois,3591.0,1253.0,17,031,250300
Census Tract 2504; Cook County; Illinois,4353.0,1160.0,17,031,250400
Census Tract 2505; Cook County; Illinois,4510.0,2393.0,17,031,250500
Census Tract 2506; Cook County; Illinois,3575.0,967.0,17,031,250600
Census Tract 2507; Cook County; Illinois,5001.0,1465.0,17,031,250700
Census Tract 2508; Cook County; Illinois,2335.0,358.0,17,031,250800
Census Tract 2510; Cook County; Illinois,976.0,404.0,17,031,251000
Census Tract 2511; Cook County; Illinois,3250.0,1294.0,17,031,251100
Census Tract 2512; Cook County; Illinois,2552.0,1288.0,17,031,251200
Census Tract 2513; Cook County; Illinois,4356.0,559.0,17,031,251300
Census Tract 2514; Cook County; Illinois,3546.0,166.0,17,031,251400
Census Tract 2515; Cook County; Illinois,3404.0,920.0,17,031,251500
Census Tract 2516; Cook County; Illinois,3213.0,1243.0,17,031,251600
Census Tract 2517; Cook County; Illinois,988.0,303.0,17,031,251700
Census Tract 2518; Cook County; Illinois,5076.0,323.0,17,031,251800
Census Tract 2519; Cook County; Illinois,4869.0,217.0,17,031,251900
Census Tract 2520; Cook County; Illinois,5929.0,379.0,17,031,252000
Census Tract 2521.01; Cook County; Illinois,1465.0,27.0,17,031,252101
Census Tract 2521.02; Cook County; Illinois,5663.0,1357.0,17,031,252102
Census Tract 2522.01; Cook County; Illinois,3191.0,67.0,17,031,252201
Census Tract 2522.02; Cook County; Illinois,4869.0,76.0,17,031,252202
Census Tract 2601; Cook County; Illinois,962.0,54.0,17,031,260100
Census Tract 2602; Cook County; Illinois,1083.0,149.0,17,031,260200
Census Tract 2603; Cook County; Illinois,1655.0,223.0,17,031,260300
Census Tract 2604; Cook County; Illinois,830.0,109.0,17,031,260400
Census Tract 2605; Cook County; Illinois,1731.0,36.0,17,031,260500
Census Tract 2606; Cook County; Illinois,2336.0,62.0,17,031,260600
Census Tract 2607; Cook County; Illinois,1481.0,43.0,17,031,260700
Census Tract 2608; Cook County; Illinois,1992.0,9.0,17,031,260800
Census Tract 2609; Cook County; Illinois,1293.0,58.0,17,031,260900
Census Tract 2610; Cook County; Illinois,2131.0,137.0,17,031,261000
Census Tract 2705; Cook County; Illinois,1380.0,0.0,17,031,270500
Census Tract 2712; Cook County; Illinois,1350.0,34.0,17,031,271200
Census Tract 2713; Cook County; Illinois,930.0,34.0,17,031,271300
Census Tract 2714; Cook County; Illinois,1310.0,49.0,17,031,271400
Census Tract 2715; Cook County; Illinois,1355.0,115.0,17,031,271500
Census Tract 2718; Cook County; Illinois,642.0,14.0,17,031,271800
Census Tract 2801; Cook County; Illinois,7202.0,528.0,17,031,280100
Census Tract 2804; Cook County; Illinois,1326.0,97.0,17,031,280400
Census Tract 2808; Cook County; Illinois,784.0,68.0,17,031,280800
Census Tract 2809; Cook County; Illinois,1095.0,27.0,17,031,280900
Census Tract 2819; Cook County; Illinois,5919.0,830.0,17,031,281900
Census Tract 2827; Cook County; Illinois,1703.0,540.0,17,031,282700
Census Tract 2828; Cook County; Illinois,777.0,721.0,17,031,282800
Census Tract 2831; Cook County; Illinois,2199.0,530.0,17,031,283100
Census Tract 2832; Cook County; Illinois,1642.0,85.0,17,031,283200
Census Tract 2838; Cook County; Illinois,3304.0,200.0,17,031,283800
Census Tract 2909; Cook County; Illinois,4222.0,19.0,17,031,290900
Census Tract 2912; Cook County; Illinois,1258.0,54.0,17,031,291200
Census Tract 2916; Cook County; Illinois,408.0,1021.0,17,031,291600
Census Tract 2922; Cook County; Illinois,2197.0,343.0,17,031,292200
Census Tract 2924; Cook County; Illinois,1713.0,52.0,17,031,292400
Census Tract 2925; Cook County; Illinois,2871.0,590.0,17,031,292500
Census Tract 3005; Cook County; Illinois,211.0,3029.0,17,031,300500
Census Tract 3006; Cook County; Illinois,510.0,2334.0,17,031,300600
Census Tract 3007; Cook County; Illinois,246.0,4545.0,17,031,300700
Census Tract 3008; Cook County; Illinois,80.0,4112.0,17,031,300800
Census Tract 3009; Cook County; Illinois,120.0,3817.0,17,031,300900
Census Tract 3011; Cook County; Illinois,399.0,2010.0,17,031,301100
Census Tract 3012; Cook County; Illinois,1279.0,3930.0,17,031,301200
Census Tract 3016; Cook County; Illinois,258.0,2989.0,17,031,301600
Census Tract 3017.01; Cook County; Illinois,503.0,3702.0,17,031,301701
Census Tract 3017.02; Cook County; Illinois,75.0,4011.0,17,031,301702
Census Tract 3018.01; Cook County; Illinois,76.0,4010.0,17,031,301801
Census Tract 3018.02; Cook County; Illinois,89.0,2534.0,17,031,301802
Census Tract 3018.03; Cook County; Illinois,37.0,3131.0,17,031,301803
Census Tract 3102; Cook County; Illinois,1094.0,730.0,17,031,310200
Census Tract 3103; Cook County; Illinois,437.0,1399.0,17,031,310300
Census Tract 3104; Cook County; Illinois,470.0,986.0,17,031,310400
Census Tract 3105; Cook County; Illinois,237.0,1362.0,17,031,310500
Census Tract 3106; Cook County; Illinois,2178.0,3364.0,17,031,310600
Census Tract 3107; Cook County; Illinois,518.0,836.0,17,031,310700
Census Tract 3108; Cook County; Illinois,1241.0,3392.0,17,031,310800
Census Tract 3109; Cook County; Illinois,1190.0,3724.0,17,031,310900
Census Tract 3201.01; Cook County; Illinois,7815.0,890.0,17,031,320101
Census Tract 3201.02; Cook County; Illinois,4811.0,618.0,17,031,320102
Census Tract 3204; Cook County; Illinois,2752.0,252.0,17,031,320400
Census Tract 3206; Cook County; Illinois,5245.0,871.0,17,031,320600
Census Tract 3301.01; Cook County; Illinois,4546.0,465.0,17,031,330101
Census Tract 3301.02; Cook County; Illinois,8948.0,669.0,17,031,330102
Census Tract 3301.03; Cook County; Illinois,8321.0,150.0,17,031,330103
Census Tract 3302; Cook County; Illinois,3822.0,147.0,17,031,330200
Census Tract 3403; Cook County; Illinois,1437.0,261.0,17,031,340300
Census Tract 3404; Cook County; Illinois,1566.0,64.0,17,031,340400
Census Tract 3405; Cook County; Illinois,1426.0,132.0,17,031,340500
Census Tract 3406; Cook County; Illinois,1317.0,0.0,17,031,340600
Census Tract 3501; Cook County; Illinois,2439.0,0.0,17,031,350100
Census Tract 3504; Cook County; Illinois,1690.0,87.0,17,031,350400
Census Tract 3510; Cook County; Illinois,3346.0,180.0,17,031,351000
Census Tract 3511; Cook County; Illinois,1936.0,224.0,17,031,351100
Census Tract 3514; Cook County; Illinois,1371.0,198.0,17,031,351400
Census Tract 3515; Cook County; Illinois,870.0,76.0,17,031,351500
Census Tract 3602; Cook County; Illinois,1672.0,0.0,17,031,360200
Census Tract 3801; Cook County; Illinois,1890.0,38.0,17,031,380100
Census Tract 3802; Cook County; Illinois,1705.0,18.0,17,031,380200
Census Tract 3806; Cook County; Illinois,3893.0,132.0,17,031,380600
Census Tract 3812; Cook County; Illinois,1906.0,0.0,17,031,381200
Census Tract 3814; Cook County; Illinois,1470.0,145.0,17,031,381400
Census Tract 3815; Cook County; Illinois,670.0,0.0,17,031,381500
Census Tract 3817; Cook County; Illinois,0.0,0.0,17,031,381700
Census Tract 3818; Cook County; Illinois,1448.0,35.0,17,031,381800
Census Tract 3819; Cook County; Illinois,1315.0,33.0,17,031,381900
Census Tract 3901; Cook County; Illinois,1770.0,84.0,17,031,390100
Census Tract 3902; Cook County; Illinois,2087.0,91.0,17,031,390200
Census Tract 3903; Cook County; Illinois,2617.0,47.0,17,031,390300
Census Tract 3904; Cook County; Illinois,2250.0,39.0,17,031,390400
Census Tract 3905; Cook County; Illinois,1649.0,117.0,17,031,390500
Census Tract 3906; Cook County; Illinois,1802.0,22.0,17,031,390600
Census Tract 3907; Cook County; Illinois,6017.0,45.0,17,031,390700
Census Tract 4003; Cook County; Illinois,1271.0,90.0,17,031,400300
Census Tract 4004; Cook County; Illinois,2173.0,31.0,17,031,400400
Census Tract 4005; Cook County; Illinois,2596.0,38.0,17,031,400500
Census Tract 4008; Cook County; Illinois,2768.0,0.0,17,031,400800
Census Tract 4101; Cook County; Illinois,2155.0,96.0,17,031,410100
Census Tract 4102; Cook County; Illinois,1099.0,182.0,17,031,410200
Census Tract 4105; Cook County; Illinois,3186.0,219.0,17,031,410500
Census Tract 4106; Cook County; Illinois,1996.0,253.0,17,031,410600
Census Tract 4107; Cook County; Illinois,2371.0,170.0,17,031,410700
Census Tract 4108; Cook County; Illinois,2627.0,263.0,17,031,410800
Census Tract 4109; Cook County; Illinois,3250.0,277.0,17,031,410900
Census Tract 4110; Cook County; Illinois,3732.0,199.0,17,031,411000
Census Tract 4111; Cook County; Illinois,2278.0,110.0,17,031,411100
Census Tract 4112; Cook County; Illinois,1537.0,106.0,17,031,411200
Census Tract 4201; Cook County; Illinois,1587.0,42.0,17,031,420100
Census Tract 4202; Cook County; Illinois,1732.0,64.0,17,031,420200
Census Tract 4203; Cook County; Illinois,2320.0,175.0,17,031,420300
Census Tract 4204; Cook County; Illinois,1119.0,208.0,17,031,420400
Census Tract 4205; Cook County; Illinois,2007.0,33.0,17,031,420500
Census Tract 4206; Cook County; Illinois,2646.0,17.0,17,031,420600
Census Tract 4207; Cook County; Illinois,2221.0,53.0,17,031,420700
Census Tract 4208; Cook County; Illinois,2322.0,0.0,17,031,420800
Census Tract 4212; Cook County; Illinois,1980.0,6.0,17,031,421200
Census Tract 4301.01; Cook County; Illinois,3373.0,95.0,17,031,430101
Census Tract 4301.02; Cook County; Illinois,3479.0,63.0,17,031,430102
Census Tract 4302; Cook County; Illinois,5176.0,279.0,17,031,430200
Census Tract 4303; Cook County; Illinois,2546.0,65.0,17,031,430300
Census Tract 4304; Cook County; Illinois,2939.0,60.0,17,031,430400
Census Tract 4305; Cook County; Illinois,3833.0,49.0,17,031,430500
Census Tract 4306; Cook County; Illinois,2141.0,77.0,17,031,430600
Census Tract 4307; Cook County; Illinois,2191.0,65.0,17,031,430700
Census Tract 4308; Cook County; Illinois,1988.0,28.0,17,031,430800
Census Tract 4309; Cook County; Illinois,1681.0,0.0,17,031,430900
Census Tract 4312; Cook County; Illinois,2399.0,0.0,17,031,431200
Census Tract 4313.01; Cook County; Illinois,3500.0,55.0,17,031,431301
Census Tract 4313.02; Cook County; Illinois,3252.0,536.0,17,031,431302
Census Tract 4314; Cook County; Illinois,7294.0,271.0,17,031,431400
Census Tract 4401.01; Cook County; Illinois,3956.0,30.0,17,031,440101
Census Tract 4401.02; Cook County; Illinois,3294.0,26.0,17,031,440102
Census Tract 4402.01; Cook County; Illinois,6096.0,0.0,17,031,440201
Census Tract 4402.02; Cook County; Illinois,2726.0,37.0,17,031,440202
Census Tract 4403; Cook County; Illinois,4359.0,291.0,17,031,440300
Census Tract 4406; Cook County; Illinois,1547.0,65.0,17,031,440600
Census Tract 4407; Cook County; Illinois,1238.0,215.0,17,031,440700
Census Tract 4408; Cook County; Illinois,1831.0,46.0,17,031,440800
Census Tract 4409; Cook County; Illinois,2377.0,0.0,17,031,440900
Census Tract 4503; Cook County; Illinois,3461.0,0.0,17,031,450300
Census Tract 4601; Cook County; Illinois,2384.0,266.0,17,031,460100
Census Tract 4602; Cook County; Illinois,780.0,1100.0,17,031,460200
Census Tract 4603.01; Cook County; Illinois,2245.0,944.0,17,031,460301
Census Tract 4603.02; Cook County; Illinois,4056.0,156.0,17,031,460302
Census Tract 4604; Cook County; Illinois,3682.0,0.0,17,031,460400
Census Tract 4605; Cook County; Illinois,6284.0,0.0,17,031,460500
Census Tract 4608; Cook County; Illinois,2833.0,1543.0,17,031,460800
Census Tract 4610; Cook County; Illinois,943.0,403.0,17,031,461000
Census Tract 4701; Cook County; Illinois,2137.0,109.0,17,031,470100
Census Tract 4801; Cook County; Illinois,2155.0,6.0,17,031,480100
Census Tract 4802; Cook County; Illinois,1012.0,45.0,17,031,480200
Census Tract 4803; Cook County; Illinois,1068.0,63.0,17,031,480300
Census Tract 4804; Cook County; Illinois,4989.0,24.0,17,031,480400
Census Tract 4805; Cook County; Illinois,2365.0,360.0,17,031,480500
Census Tract 4902; Cook County; Illinois,2932.0,12.0,17,031,490200
Census Tract 4905; Cook County; Illinois,1762.0,13.0,17,031,490500
Census Tract 4906; Cook County; Illinois,1410.0,36.0,17,031,490600
Census Tract 4907; Cook County; Illinois,2390.0,69.0,17,031,490700
Census Tract 4908; Cook County; Illinois,3670.0,35.0,17,031,490800
Census Tract 4909.01; Cook County; Illinois,3084.0,0.0,17,031,490901
Census Tract 4909.02; Cook County; Illinois,4496.0,201.0,17,031,490902
Census Tract 4910; Cook County; Illinois,3328.0,89.0,17,031,491000
Census Tract 4911; Cook County; Illinois,4125.0,80.0,17,031,491100
Census Tract 4912; Cook County; Illinois,1805.0,127.0,17,031,491200
Census Tract 4913; Cook County; Illinois,2113.0,18.0,17,031,491300
Census Tract 4914; Cook County; Illinois,2521.0,20.0,17,031,491400
Census Tract 5001; Cook County; Illinois,3172.0,59.0,17,031,500100
Census Tract 5002; Cook County; Illinois,1731.0,100.0,17,031,500200
Census Tract 5003; Cook County; Illinois,1394.0,400.0,17,031,500300
Census Tract 5101; Cook County; Illinois,805.0,2834.0,17,031,510100
Census Tract 5102; Cook County; Illinois,2913.0,801.0,17,031,510200
Census Tract 5103; Cook County; Illinois,4640.0,0.0,17,031,510300
Census Tract 5201; Cook County; Illinois,130.0,1932.0,17,031,520100
Census Tract 5202; Cook County; Illinois,444.0,3208.0,17,031,520200
Census Tract 5203; Cook County; Illinois,691.0,5234.0,17,031,520300
Census Tract 5204; Cook County; Illinois,590.0,3803.0,17,031,520400
Census Tract 5205; Cook County; Illinois,1008.0,4163.0,17,031,520500
Census Tract 5206; Cook County; Illinois,288.0,2451.0,17,031,520600
Census Tract 5301; Cook County; Illinois,965.0,950.0,17,031,530100
Census Tract 5302; Cook County; Illinois,3771.0,587.0,17,031,530200
Census Tract 5303; Cook County; Illinois,3484.0,0.0,17,031,530300
Census Tract 5304; Cook County; Illinois,2274.0,82.0,17,031,530400
Census Tract 5305.01; Cook County; Illinois,5041.0,77.0,17,031,530501
Census Tract 5305.02; Cook County; Illinois,1425.0,39.0,17,031,530502
Census Tract 5305.03; Cook County; Illinois,4257.0,112.0,17,031,530503
Census Tract 5306; Cook County; Illinois,2369.0,16.0,17,031,530600
Census Tract 5401.01; Cook County; Illinois,4229.0,231.0,17,031,540101
Census Tract 5401.02; Cook County; Illinois,3333.0,24.0,17,031,540102
Census Tract 5501; Cook County; Illinois,3547.0,2654.0,17,031,550100
Census Tract 5502; Cook County; Illinois,1085.0,1739.0,17,031,550200
Census Tract 5601; Cook County; Illinois,618.0,666.0,17,031,560100
Census Tract 5602; Cook County; Illinois,789.0,583.0,17,031,560200
Census Tract 5603; Cook County; Illinois,875.0,2204.0,17,031,560300
Census Tract 5604; Cook County; Illinois,268.0,1476.0,17,031,560400
Census Tract 5607; Cook County; Illinois,1316.0,2268.0,17,031,560700
Census Tract 5608; Cook County; Illinois,2602.0,3401.0,17,031,560800
Census Tract 5609; Cook County; Illinois,2768.0,2363.0,17,031,560900
Census Tract 5610; Cook County; Illinois,3447.0,2593.0,17,031,561000
Census Tract 5611; Cook County; Illinois,2808.0,3080.0,17,031,561100
Census Tract 5701; Cook County; Illinois,291.0,1130.0,17,031,570100
Census Tract 5702; Cook County; Illinois,526.0,1558.0,17,031,570200
Census Tract 5703; Cook County; Illinois,1065.0,4886.0,17,031,570300
Census Tract 5704; Cook County; Illinois,332.0,1380.0,17,031,570400
Census Tract 5705; Cook County; Illinois,564.0,2135.0,17,031,570500
Census Tract 5801; Cook County; Illinois,1542.0,1120.0,17,031,580100
Census Tract 5802; Cook County; Illinois,502.0,2486.0,17,031,580200
Census Tract 5803; Cook County; Illinois,632.0,1937.0,17,031,580300
Census Tract 5804; Cook County; Illinois,1153.0,3519.0,17,031,580400
Census Tract 5805.01; Cook County; Illinois,1302.0,3414.0,17,031,580501
Census Tract 5805.02; Cook County; Illinois,701.0,4231.0,17,031,580502
Census Tract 5806; Cook County; Illinois,1202.0,4200.0,17,031,580600
Census Tract 5807; Cook County; Illinois,765.0,5372.0,17,031,580700
Census Tract 5808; Cook County; Illinois,83.0,2013.0,17,031,580800
Census Tract 5905; Cook County; Illinois,976.0,696.0,17,031,590500
Census Tract 5906; Cook County; Illinois,1364.0,2449.0,17,031,590600
Census Tract 5907; Cook County; Illinois,898.0,2016.0,17,031,590700
Census Tract 6004; Cook County; Illinois,3719.0,244.0,17,031,600400
Census Tract 6006; Cook County; Illinois,2359.0,594.0,17,031,600600
Census Tract 6007; Cook County; Illinois,2296.0,574.0,17,031,600700
Census Tract 6009; Cook County; Illinois,2859.0,874.0,17,031,600900
Census Tract 6103; Cook County; Illinois,731.0,4939.0,17,031,610300
Census Tract 6104; Cook County; Illinois,125.0,1763.0,17,031,610400
Census Tract 6108; Cook County; Illinois,1187.0,334.0,17,031,610800
Census Tract 6112; Cook County; Illinois,477.0,1595.0,17,031,611200
Census Tract 6113; Cook County; Illinois,428.0,2981.0,17,031,611300
Census Tract 6114; Cook County; Illinois,45.0,3542.0,17,031,611400
Census Tract 6115; Cook County; Illinois,474.0,2799.0,17,031,611500
Census Tract 6116; Cook County; Illinois,1168.0,827.0,17,031,611600
Census Tract 6117; Cook County; Illinois,566.0,1281.0,17,031,611700
Census Tract 6118; Cook County; Illinois,644.0,1542.0,17,031,611800
Census Tract 6119; Cook County; Illinois,942.0,617.0,17,031,611900
Census Tract 6120; Cook County; Illinois,820.0,497.0,17,031,612000
Census Tract 6121; Cook County; Illinois,603.0,415.0,17,031,612100
Census Tract 6122; Cook County; Illinois,1317.0,2370.0,17,031,612200
Census Tract 6201; Cook County; Illinois,822.0,3976.0,17,031,620100
Census Tract 6202; Cook County; Illinois,676.0,1272.0,17,031,620200
Census Tract 6203; Cook County; Illinois,1339.0,5741.0,17,031,620300
Census Tract 6204; Cook County; Illinois,612.0,3928.0,17,031,620400
Census Tract 6303; Cook County; Illinois,310.0,3857.0,17,031,630300
Census Tract 6304; Cook County; Illinois,262.0,5741.0,17,031,630400
Census Tract 6305; Cook County; Illinois,152.0,5837.0,17,031,630500
Census Tract 6306; Cook County; Illinois,346.0,2400.0,17,031,630600
Census Tract 6308; Cook County; Illinois,326.0,6035.0,17,031,630800
Census Tract 6309; Cook County; Illinois,537.0,4319.0,17,031,630900
Census Tract 6401; Cook County; Illinois,223.0,1125.0,17,031,640100
Census Tract 6403; Cook County; Illinois,2549.0,4348.0,17,031,640300
Census Tract 6404; Cook County; Illinois,1832.0,1477.0,17,031,640400
Census Tract 6405; Cook County; Illinois,2418.0,1714.0,17,031,640500
Census Tract 6406; Cook County; Illinois,1692.0,2735.0,17,031,640600
Census Tract 6407; Cook County; Illinois,802.0,2308.0,17,031,640700
Census Tract 6408; Cook County; Illinois,330.0,1175.0,17,031,640800
Census Tract 6501; Cook County; Illinois,370.0,4252.0,17,031,650100
Census Tract 6502; Cook County; Illinois,1745.0,5466.0,17,031,650200
Census Tract 6503.01; Cook County; Illinois,831.0,4032.0,17,031,650301
Census Tract 6503.02; Cook County; Illinois,399.0,4546.0,17,031,650302
Census Tract 6504; Cook County; Illinois,422.0,6372.0,17,031,650400
Census Tract 6505; Cook County; Illinois,1430.0,2729.0,17,031,650500
Census Tract 6603.01; Cook County; Illinois,547.0,1214.0,17,031,660301
Census Tract 6603.02; Cook County; Illinois,580.0,4032.0,17,031,660302
Census Tract 6604; Cook County; Illinois,202.0,4517.0,17,031,660400
Census Tract 6605; Cook County; Illinois,451.0,3833.0,17,031,660500
Census Tract 6606; Cook County; Illinois,2556.0,3293.0,17,031,660600
Census Tract 6607; Cook County; Illinois,1449.0,168.0,17,031,660700
Census Tract 6608; Cook County; Illinois,3212.0,2620.0,17,031,660800
Census Tract 6609; Cook County; Illinois,4111.0,1520.0,17,031,660900
Census Tract 6610; Cook County; Illinois,4072.0,1352.0,17,031,661000
Census Tract 6611; Cook County; Illinois,2623.0,4563.0,17,031,661100
Census Tract 6701; Cook County; Illinois,967.0,505.0,17,031,670100
Census Tract 6702; Cook County; Illinois,715.0,9.0,17,031,670200
Census Tract 6703; Cook County; Illinois,1057.0,275.0,17,031,670300
Census Tract 6704; Cook County; Illinois,1235.0,381.0,17,031,670400
Census Tract 6705; Cook County; Illinois,801.0,203.0,17,031,670500
Census Tract 6706; Cook County; Illinois,785.0,389.0,17,031,670600
Census Tract 6707; Cook County; Illinois,678.0,414.0,17,031,670700
Census Tract 6708; Cook County; Illinois,1000.0,22.0,17,031,670800
Census Tract 6709; Cook County; Illinois,939.0,307.0,17,031,670900
Census Tract 6711; Cook County; Illinois,915.0,0.0,17,031,671100
Census Tract 6712; Cook County; Illinois,673.0,167.0,17,031,671200
Census Tract 6713; Cook County; Illinois,1443.0,214.0,17,031,671300
Census Tract 6714; Cook County; Illinois,1004.0,295.0,17,031,671400
Census Tract 6715; Cook County; Illinois,2022.0,286.0,17,031,671500
Census Tract 6716; Cook County; Illinois,1679.0,30.0,17,031,671600
Census Tract 6718; Cook County; Illinois,1015.0,113.0,17,031,671800
Census Tract 6719; Cook County; Illinois,707.0,327.0,17,031,671900
Census Tract 6720; Cook County; Illinois,2807.0,488.0,17,031,672000
Census Tract 6805; Cook County; Illinois,1090.0,384.0,17,031,680500
Census Tract 6806; Cook County; Illinois,1178.0,0.0,17,031,680600
Census Tract 6809; Cook County; Illinois,3529.0,31.0,17,031,680900
Census Tract 6810; Cook County; Illinois,2256.0,41.0,17,031,681000
Census Tract 6811; Cook County; Illinois,1931.0,1.0,17,031,681100
Census Tract 6812; Cook County; Illinois,1839.0,44.0,17,031,681200
Census Tract 6813; Cook County; Illinois,2306.0,17.0,17,031,681300
Census Tract 6814; Cook County; Illinois,1798.0,81.0,17,031,681400
Census Tract 6903; Cook County; Illinois,2271.0,32.0,17,031,690300
Census Tract 6904; Cook County; Illinois,2848.0,60.0,17,031,690400
Census Tract 6905; Cook County; Illinois,742.0,0.0,17,031,690500
Census Tract 6909; Cook County; Illinois,3770.0,39.0,17,031,690900
Census Tract 6910; Cook County; Illinois,2638.0,17.0,17,031,691000
Census Tract 6911; Cook County; Illinois,2878.0,5.0,17,031,691100
Census Tract 6912; Cook County; Illinois,1975.0,9.0,17,031,691200
Census Tract 6913; Cook County; Illinois,2297.0,35.0,17,031,691300
Census Tract 6914; Cook County; Illinois,2588.0,113.0,17,031,691400
Census Tract 6915; Cook County; Illinois,1853.0,42.0,17,031,691500
Census Tract 7001; Cook County; Illinois,2479.0,1395.0,17,031,700100
Census Tract 7002; Cook County; Illinois,1613.0,5275.0,17,031,700200
Census Tract 7003.01; Cook County; Illinois,1527.0,4597.0,17,031,700301
Census Tract 7003.02; Cook County; Illinois,2100.0,3903.0,17,031,700302
Census Tract 7004.01; Cook County; Illinois,3589.0,2629.0,17,031,700401
Census Tract 7004.02; Cook County; Illinois,2330.0,1087.0,17,031,700402
Census Tract 7005.01; Cook County; Illinois,5983.0,582.0,17,031,700501
Census Tract 7005.02; Cook County; Illinois,3249.0,407.0,17,031,700502
Census Tract 7101; Cook County; Illinois,939.0,87.0,17,031,710100
Census Tract 7102; Cook County; Illinois,4056.0,0.0,17,031,710200
Census Tract 7103; Cook County; Illinois,1350.0,32.0,17,031,710300
Census Tract 7104; Cook County; Illinois,5485.0,183.0,17,031,710400
Census Tract 7105; Cook County; Illinois,3883.0,204.0,17,031,710500
Census Tract 7106; Cook County; Illinois,1666.0,54.0,17,031,710600
Census Tract 7107; Cook County; Illinois,3411.0,1.0,17,031,710700
Census Tract 7108; Cook County; Illinois,4532.0,4.0,17,031,710800
Census Tract 7109; Cook County; Illinois,2014.0,137.0,17,031,710900
Census Tract 7110; Cook County; Illinois,3688.0,91.0,17,031,711000
Census Tract 7111; Cook County; Illinois,2727.0,81.0,17,031,711100
Census Tract 7112; Cook County; Illinois,4331.0,538.0,17,031,711200
Census Tract 7113; Cook County; Illinois,1618.0,0.0,17,031,711300
Census Tract 7114; Cook County; Illinois,2610.0,118.0,17,031,711400
Census Tract 7115; Cook County; Illinois,2589.0,39.0,17,031,711500
Census Tract 7201; Cook County; Illinois,2948.0,422.0,17,031,720100
Census Tract 7202; Cook County; Illinois,3806.0,291.0,17,031,720200
Census Tract 7203; Cook County; Illinois,3414.0,200.0,17,031,720300
Census Tract 7204; Cook County; Illinois,1641.0,231.0,17,031,720400
Census Tract 7205; Cook County; Illinois,1651.0,182.0,17,031,720500
Census Tract 7206; Cook County; Illinois,1847.0,13.0,17,031,720600
Census Tract 7207; Cook County; Illinois,3082.0,53.0,17,031,720700
Census Tract 7301; Cook County; Illinois,2669.0,0.0,17,031,730100
Census Tract 7302.01; Cook County; Illinois,5513.0,158.0,17,031,730201
Census Tract 7302.02; Cook County; Illinois,3069.0,24.0,17,031,730202
Census Tract 7303; Cook County; Illinois,1042.0,0.0,17,031,730300
Census Tract 7304; Cook County; Illinois,4027.0,43.0,17,031,730400
Census Tract 7305; Cook County; Illinois,4052.0,1.0,17,031,730500
Census Tract 7306; Cook County; Illinois,3547.0,23.0,17,031,730600
Census Tract 7307; Cook County; Illinois,2288.0,0.0,17,031,730700
Census Tract 7401; Cook County; Illinois,2574.0,501.0,17,031,740100
Census Tract 7402; Cook County; Illinois,5840.0,633.0,17,031,740200
Census Tract 7403; Cook County; Illinois,4601.0,442.0,17,031,740300
Census Tract 7404; Cook County; Illinois,4270.0,260.0,17,031,740400
Census Tract 7501; Cook County; Illinois,3581.0,55.0,17,031,750100
Census Tract 7502; Cook County; Illinois,3003.0,138.0,17,031,750200
Census Tract 7503; Cook County; Illinois,2459.0,87.0,17,031,750300
Census Tract 7504; Cook County; Illinois,2469.0,321.0,17,031,750400
Census Tract 7505; Cook County; Illinois,4708.0,53.0,17,031,750500
Census Tract 7506; Cook County; Illinois,3666.0,178.0,17,031,750600
Census Tract 7608.01; Cook County; Illinois,4298.0,420.0,17,031,760801
Census Tract 7608.02; Cook County; Illinois,1958.0,233.0,17,031,760802
Census Tract 7608.03; Cook County; Illinois,5805.0,1057.0,17,031,760803
Census Tract 7702.01; Cook County; Illinois,5148.0,903.0,17,031,770201
Census Tract 7702.02; Cook County; Illinois,3669.0,888.0,17,031,770202
Census Tract 7703; Cook County; Illinois,5798.0,1203.0,17,031,770300
Census Tract 7704; Cook County; Illinois,3497.0,943.0,17,031,770400
Census Tract 7705; Cook County; Illinois,471.0,3754.0,17,031,770500
Census Tract 7706.01; Cook County; Illinois,3216.0,478.0,17,031,770601
Census Tract 7706.02; Cook County; Illinois,2495.0,2091.0,17,031,770602
Census Tract 7707; Cook County; Illinois,1664.0,626.0,17,031,770700
Census Tract 7708; Cook County; Illinois,3392.0,2381.0,17,031,770800
Census Tract 7709.01; Cook County; Illinois,4335.0,461.0,17,031,770901
Census Tract 7709.02; Cook County; Illinois,3207.0,609.0,17,031,770902
Census Tract 8001; Cook County; Illinois,2335.0,32.0,17,031,800100
Census Tract 8002; Cook County; Illinois,6263.0,157.0,17,031,800200
Census Tract 8003; Cook County; Illinois,3233.0,70.0,17,031,800300
Census Tract 8004; Cook County; Illinois,3622.0,64.0,17,031,800400
Census Tract 8005; Cook County; Illinois,5492.0,84.0,17,031,800500
Census Tract 8006; Cook County; Illinois,2283.0,106.0,17,031,800600
Census Tract 8007; Cook County; Illinois,4625.0,225.0,17,031,800700
Census Tract 8008; Cook County; Illinois,2073.0,258.0,17,031,800800
Census Tract 8009; Cook County; Illinois,4026.0,315.0,17,031,800900
Census Tract 8010; Cook County; Illinois,5217.0,44.0,17,031,801000
Census Tract 8011; Cook County; Illinois,4970.0,75.0,17,031,801100
Census Tract 8012; Cook County; Illinois,3614.0,85.0,17,031,801200
Census Tract 8013; Cook County; Illinois,4177.0,271.0,17,031,801300
Census Tract 8014; Cook County; Illinois,2810.0,242.0,17,031,801400
Census Tract 8015; Cook County; Illinois,6196.0,171.0,17,031,801500
Census Tract 8016.01; Cook County; Illinois,4349.0,74.0,17,031,801601
Census Tract 8016.03; Cook County; Illinois,3697.0,84.0,17,031,801603
Census Tract 8016.05; Cook County; Illinois,5077.0,644.0,17,031,801605
Census Tract 8016.06; Cook County; Illinois,7355.0,101.0,17,031,801606
Census Tract 8016.07; Cook County; Illinois,5467.0,286.0,17,031,801607
Census Tract 8016.08; Cook County; Illinois,6182.0,126.0,17,031,801608
Census Tract 8017.01; Cook County; Illinois,3366.0,202.0,17,031,801701
Census Tract 8017.02; Cook County; Illinois,4617.0,294.0,17,031,801702
Census Tract 8018; Cook County; Illinois,5890.0,151.0,17,031,801800
Census Tract 8019.01; Cook County; Illinois,3426.0,936.0,17,031,801901
Census Tract 8019.02; Cook County; Illinois,3388.0,382.0,17,031,801902
Census Tract 8020.02; Cook County; Illinois,4551.0,439.0,17,031,802002
Census Tract 8020.03; Cook County; Illinois,2050.0,467.0,17,031,802003
Census Tract 8020.04; Cook County; Illinois,5440.0,566.0,17,031,802004
Census Tract 8021; Cook County; Illinois,3526.0,191.0,17,031,802100
Census Tract 8022; Cook County; Illinois,4731.0,206.0,17,031,802200
Census Tract 8023; Cook County; Illinois,5532.0,238.0,17,031,802300
Census Tract 8024.02; Cook County; Illinois,4356.0,1720.0,17,031,802402
Census Tract 8024.03; Cook County; Illinois,1330.0,62.0,17,031,802403
Census Tract 8024.04; Cook County; Illinois,4844.0,2648.0,17,031,802404
Census Tract 8025.03; Cook County; Illinois,6052.0,1519.0,17,031,802503
Census Tract 8025.04; Cook County; Illinois,3844.0,3000.0,17,031,802504
Census Tract 8025.05; Cook County; Illinois,3667.0,2704.0,17,031,802505
Census Tract 8025.06; Cook County; Illinois,1242.0,1275.0,17,031,802506
Census Tract 8026.05; Cook County; Illinois,6946.0,284.0,17,031,802605
Census Tract 8026.07; Cook County; Illinois,1111.0,106.0,17,031,802607
Census Tract 8026.08; Cook County; Illinois,5481.0,528.0,17,031,802608
Census Tract 8026.09; Cook County; Illinois,3587.0,2827.0,17,031,802609
Census Tract 8026.10; Cook County; Illinois,1919.0,67.0,17,031,802610
Census Tract 8027.01; Cook County; Illinois,5094.0,1232.0,17,031,802701
Census Tract 8027.02; Cook County; Illinois,4790.0,253.0,17,031,802702
Census Tract 8028.01; Cook County; Illinois,4006.0,683.0,17,031,802801
Census Tract 8028.02; Cook County; Illinois,6011.0,519.0,17,031,802802
Census Tract 8029; Cook County; Illinois,5696.0,389.0,17,031,802900
Census Tract 8030.05; Cook County; Illinois,2312.0,389.0,17,031,803005
Census Tract 8030.07; Cook County; Illinois,4659.0,542.0,17,031,803007
Census Tract 8030.08; Cook County; Illinois,4390.0,417.0,17,031,803008
Census Tract 8030.10; Cook County; Illinois,3547.0,1139.0,17,031,803010
Census Tract 8030.12; Cook County; Illinois,1614.0,400.0,17,031,803012
Census Tract 8030.13; Cook County; Illinois,5308.0,416.0,17,031,803013
Census Tract 8030.14; Cook County; Illinois,2571.0,758.0,17,031,803014
Census Tract 8030.15; Cook County; Illinois,4043.0,455.0,17,031,803015
Census Tract 8030.16; Cook County; Illinois,2463.0,97.0,17,031,803016
Census Tract 8030.17; Cook County; Illinois,4860.0,1265.0,17,031,803017
Census Tract 8031; Cook County; Illinois,3149.0,299.0,17,031,803100
Census Tract 8032; Cook County; Illinois,4786.0,238.0,17,031,803200
Census Tract 8033; Cook County; Illinois,5235.0,394.0,17,031,803300
Census Tract 8034; Cook County; Illinois,6436.0,309.0,17,031,803400
Census Tract 8035; Cook County; Illinois,5362.0,203.0,17,031,803500
Census Tract 8036.03; Cook County; Illinois,6395.0,143.0,17,031,803603
Census Tract 8036.04; Cook County; Illinois,3739.0,636.0,17,031,803604
Census Tract 8036.05; Cook County; Illinois,5382.0,1312.0,17,031,803605
Census Tract 8036.07; Cook County; Illinois,3876.0,482.0,17,031,803607
Census Tract 8036.08; Cook County; Illinois,6982.0,1128.0,17,031,803608
Census Tract 8036.11; Cook County; Illinois,3764.0,2661.0,17,031,803611
Census Tract 8036.12; Cook County; Illinois,2015.0,1455.0,17,031,803612
Census Tract 8036.13; Cook County; Illinois,633.0,3258.0,17,031,803613
Census Tract 8036.14; Cook County; Illinois,1863.0,2282.0,17,031,803614
Census Tract 8036.15; Cook County; Illinois,2185.0,172.0,17,031,803615
Census Tract 8036.16; Cook County; Illinois,4271.0,518.0,17,031,803616
Census Tract 8037.01; Cook County; Illinois,2429.0,316.0,17,031,803701
Census Tract 8037.02; Cook County; Illinois,5724.0,430.0,17,031,803702
Census Tract 8038; Cook County; Illinois,3805.0,354.0,17,031,803800
Census Tract 8039.01; Cook County; Illinois,3402.0,300.0,17,031,803901
Census Tract 8039.02; Cook County; Illinois,2627.0,871.0,17,031,803902
Census Tract 8040; Cook County; Illinois,3405.0,1267.0,17,031,804000
Census Tract 8041.02; Cook County; Illinois,6752.0,113.0,17,031,804102
Census Tract 8041.04; Cook County; Illinois,5072.0,104.0,17,031,804104
Census Tract 8041.05; Cook County; Illinois,3895.0,324.0,17,031,804105
Census Tract 8041.06; Cook County; Illinois,7009.0,223.0,17,031,804106
Census Tract 8041.08; Cook County; Illinois,4133.0,444.0,17,031,804108
Census Tract 8041.09; Cook County; Illinois,2988.0,150.0,17,031,804109
Census Tract 8042.02; Cook County; Illinois,7656.0,197.0,17,031,804202
Census Tract 8042.03; Cook County; Illinois,3215.0,0.0,17,031,804203
Census Tract 8042.04; Cook County; Illinois,5057.0,224.0,17,031,804204
Census Tract 8043.05; Cook County; Illinois,4296.0,3494.0,17,031,804305
Census Tract 8043.06; Cook County; Illinois,2879.0,3500.0,17,031,804306
Census Tract 8043.08; Cook County; Illinois,3836.0,916.0,17,031,804308
Census Tract 8043.09; Cook County; Illinois,1423.0,1888.0,17,031,804309
Census Tract 8043.12; Cook County; Illinois,1838.0,50.0,17,031,804312
Census Tract 8043.13; Cook County; Illinois,4815.0,2098.0,17,031,804313
Census Tract 8043.14; Cook County; Illinois,1162.0,247.0,17,031,804314
Census Tract 8043.15; Cook County; Illinois,2108.0,439.0,17,031,804315
Census Tract 8043.16; Cook County; Illinois,3707.0,807.0,17,031,804316
Census Tract 8044.03; Cook County; Illinois,3615.0,3280.0,17,031,804403
Census Tract 8044.04; Cook County; Illinois,1954.0,3613.0,17,031,804404
Census Tract 8044.05; Cook County; Illinois,1133.0,2215.0,17,031,804405
Census Tract 8044.06; Cook County; Illinois,2863.0,2935.0,17,031,804406
Census Tract 8045.05; Cook County; Illinois,2763.0,881.0,17,031,804505
Census Tract 8045.06; Cook County; Illinois,4376.0,872.0,17,031,804506
Census Tract 8045.08; Cook County; Illinois,1030.0,1315.0,17,031,804508
Census Tract 8045.09; Cook County; Illinois,2208.0,4232.0,17,031,804509
Census Tract 8045.10; Cook County; Illinois,1414.0,3975.0,17,031,804510
Census Tract 8045.11; Cook County; Illinois,691.0,1543.0,17,031,804511
Census Tract 8045.12; Cook County; Illinois,3305.0,250.0,17,031,804512
Census Tract 8045.13; Cook County; Illinois,3273.0,480.0,17,031,804513
Census Tract 8045.14; Cook County; Illinois,4647.0,734.0,17,031,804514
Census Tract 8046.03; Cook County; Illinois,4948.0,1420.0,17,031,804603
Census Tract 8046.06; Cook County; Illinois,5950.0,399.0,17,031,804606
Census Tract 8046.07; Cook County; Illinois,6514.0,820.0,17,031,804607
Census Tract 8046.08; Cook County; Illinois,3184.0,450.0,17,031,804608
Census Tract 8046.09; Cook County; Illinois,5845.0,148.0,17,031,804609
Census Tract 8046.10; Cook County; Illinois,2478.0,206.0,17,031,804610
Census Tract 8046.11; Cook County; Illinois,3878.0,355.0,17,031,804611
Census Tract 8047.01; Cook County; Illinois,4281.0,1666.0,17,031,804701
Census Tract 8047.05; Cook County; Illinois,3663.0,931.0,17,031,804705
Census Tract 8047.06; Cook County; Illinois,1818.0,437.0,17,031,804706
Census Tract 8047.09; Cook County; Illinois,6317.0,2108.0,17,031,804709
Census Tract 8047.10; Cook County; Illinois,3484.0,352.0,17,031,804710
Census Tract 8047.11; Cook County; Illinois,6922.0,1350.0,17,031,804711
Census Tract 8047.12; Cook County; Illinois,4950.0,481.0,17,031,804712
Census Tract 8047.13; Cook County; Illinois,4680.0,417.0,17,031,804713
Census Tract 8047.14; Cook County; Illinois,2894.0,375.0,17,031,804714
Census Tract 8047.15; Cook County; Illinois,2407.0,1370.0,17,031,804715
Census Tract 8047.16; Cook County; Illinois,3947.0,652.0,17,031,804716
Census Tract 8048.03; Cook County; Illinois,4386.0,995.0,17,031,804803
Census Tract 8048.04; Cook County; Illinois,4881.0,863.0,17,031,804804
Census Tract 8048.05; Cook County; Illinois,5732.0,1088.0,17,031,804805
Census Tract 8048.06; Cook County; Illinois,2590.0,1175.0,17,031,804806
Census Tract 8048.07; Cook County; Illinois,3941.0,1606.0,17,031,804807
Census Tract 8048.08; Cook County; Illinois,2244.0,524.0,17,031,804808
Census Tract 8048.09; Cook County; Illinois,4374.0,330.0,17,031,804809
Census Tract 8048.10; Cook County; Illinois,5537.0,1015.0,17,031,804810
Census Tract 8049.01; Cook County; Illinois,6158.0,161.0,17,031,804901
Census Tract 8049.02; Cook County; Illinois,5301.0,872.0,17,031,804902
Census Tract 8050.01; Cook County; Illinois,4682.0,284.0,17,031,805001
Census Tract 8050.02; Cook County; Illinois,5306.0,2128.0,17,031,805002
Census Tract 8051.05; Cook County; Illinois,4244.0,3057.0,17,031,805105
Census Tract 8051.06; Cook County; Illinois,2597.0,328.0,17,031,805106
Census Tract 8051.07; Cook County; Illinois,4280.0,2024.0,17,031,805107
Census Tract 8051.08; Cook County; Illinois,4258.0,2117.0,17,031,805108
Census Tract 8051.09; Cook County; Illinois,3479.0,1074.0,17,031,805109
Census Tract 8051.10; Cook County; Illinois,3940.0,501.0,17,031,805110
Census Tract 8051.11; Cook County; Illinois,5596.0,2440.0,17,031,805111
Census Tract 8051.12; Cook County; Illinois,2756.0,556.0,17,031,805112
Census Tract 8052.01; Cook County; Illinois,3840.0,113.0,17,031,805201
Census Tract 8052.02; Cook County; Illinois,3713.0,178.0,17,031,805202
Census Tract 8053.01; Cook County; Illinois,2944.0,235.0,17,031,805301
Census Tract 8053.02; Cook County; Illinois,3637.0,259.0,17,031,805302
Census Tract 8054.01; Cook County; Illinois,3811.0,807.0,17,031,805401
Census Tract 8054.02; Cook County; Illinois,4471.0,436.0,17,031,805402
Census Tract 8055.01; Cook County; Illinois,3134.0,384.0,17,031,805501
Census Tract 8055.02; Cook County; Illinois,4179.0,156.0,17,031,805502
Census Tract 8056; Cook County; Illinois,4526.0,268.0,17,031,805600
Census Tract 8057.01; Cook County; Illinois,4818.0,543.0,17,031,805701
Census Tract 8057.02; Cook County; Illinois,1954.0,82.0,17,031,805702
Census Tract 8058.01; Cook County; Illinois,2254.0,106.0,17,031,805801
Census Tract 8058.02; Cook County; Illinois,5151.0,289.0,17,031,805802
Census Tract 8059.01; Cook County; Illinois,3692.0,712.0,17,031,805901
Census Tract 8059.02; Cook County; Illinois,5969.0,433.0,17,031,805902
Census Tract 8060.01; Cook County; Illinois,5099.0,643.0,17,031,806001
Census Tract 8060.02; Cook County; Illinois,6671.0,564.0,17,031,806002
Census Tract 8060.04; Cook County; Illinois,7188.0,1473.0,17,031,806004
Census Tract 8060.05; Cook County; Illinois,1815.0,898.0,17,031,806005
Census Tract 8060.06; Cook County; Illinois,4064.0,353.0,17,031,806006
Census Tract 8061.02; Cook County; Illinois,3797.0,528.0,17,031,806102
Census Tract 8061.03; Cook County; Illinois,4190.0,1106.0,17,031,806103
Census Tract 8061.04; Cook County; Illinois,3384.0,748.0,17,031,806104
Census Tract 8062.01; Cook County; Illinois,3932.0,1198.0,17,031,806201
Census Tract 8062.02; Cook County; Illinois,4132.0,807.0,17,031,806202
Census Tract 8063; Cook County; Illinois,3448.0,982.0,17,031,806300
Census Tract 8064; Cook County; Illinois,1909.0,487.0,17,031,806400
Census Tract 8065.01; Cook County; Illinois,1165.0,1217.0,17,031,806501
Census Tract 8065.02; Cook County; Illinois,2561.0,1412.0,17,031,806502
Census Tract 8066; Cook County; Illinois,2753.0,733.0,17,031,806600
Census Tract 8067; Cook County; Illinois,3832.0,434.0,17,031,806700
Census Tract 8068.01; Cook County; Illinois,4104.0,230.0,17,031,806801
Census Tract 8068.02; Cook County; Illinois,2382.0,911.0,17,031,806802
Census Tract 8069; Cook County; Illinois,4893.0,631.0,17,031,806900
Census Tract 8070; Cook County; Illinois,4681.0,602.0,17,031,807000
Census Tract 8071; Cook County; Illinois,3476.0,374.0,17,031,807100
Census Tract 8072; Cook County; Illinois,5220.0,836.0,17,031,807200
Census Tract 8073; Cook County; Illinois,7725.0,370.0,17,031,807300
Census Tract 8074; Cook County; Illinois,6364.0,596.0,17,031,807400
Census Tract 8075; Cook County; Illinois,2952.0,373.0,17,031,807500
Census Tract 8076; Cook County; Illinois,5449.0,870.0,17,031,807600
Census Tract 8077; Cook County; Illinois,5106.0,1045.0,17,031,807700
Census Tract 8078; Cook County; Illinois,2612.0,106.0,17,031,807800
Census Tract 8079; Cook County; Illinois,3819.0,526.0,17,031,807900
Census Tract 8080.01; Cook County; Illinois,3175.0,409.0,17,031,808001
Census Tract 8080.02; Cook County; Illinois,5025.0,314.0,17,031,808002
Census Tract 8081; Cook County; Illinois,3657.0,180.0,17,031,808100
Census Tract 8082; Cook County; Illinois,5143.0,663.0,17,031,808200
Census Tract 8083.01; Cook County; Illinois,5864.0,412.0,17,031,808301
Census Tract 8083.02; Cook County; Illinois,4507.0,200.0,17,031,808302
Census Tract 8084; Cook County; Illinois,4054.0,243.0,17,031,808400
Census Tract 8085; Cook County; Illinois,3914.0,420.0,17,031,808500
Census Tract 8086; Cook County; Illinois,2169.0,119.0,17,031,808600
Census Tract 8087.02; Cook County; Illinois,4611.0,633.0,17,031,808702
Census Tract 8088; Cook County; Illinois,3828.0,93.0,17,031,808800
Census Tract 8089; Cook County; Illinois,3961.0,199.0,17,031,808900
Census Tract 8090; Cook County; Illinois,3828.0,216.0,17,031,809000
Census Tract 8091; Cook County; Illinois,3188.0,99.0,17,031,809100
Census Tract 8092; Cook County; Illinois,4368.0,489.0,17,031,809200
Census Tract 8093; Cook County; Illinois,4095.0,704.0,17,031,809300
Census Tract 8094.01; Cook County; Illinois,2517.0,362.0,17,031,809401
Census Tract 8094.02; Cook County; Illinois,2566.0,147.0,17,031,809402
Census Tract 8095; Cook County; Illinois,3954.0,229.0,17,031,809500
Census Tract 8096; Cook County; Illinois,2797.0,429.0,17,031,809600
Census Tract 8097; Cook County; Illinois,3072.0,654.0,17,031,809700
Census Tract 8098; Cook County; Illinois,2656.0,120.0,17,031,809800
Census Tract 8099; Cook County; Illinois,2547.0,213.0,17,031,809900
Census Tract 8100; Cook County; Illinois,5135.0,224.0,17,031,810000
Census Tract 8101; Cook County; Illinois,4053.0,562.0,17,031,810100
Census Tract 8102; Cook County; Illinois,5236.0,1463.0,17,031,810200
Census Tract 8103.01; Cook County; Illinois,3031.0,1573.0,17,031,810301
Census Tract 8103.02; Cook County; Illinois,3025.0,304.0,17,031,810302
Census Tract 8104; Cook County; Illinois,5573.0,153.0,17,031,810400
Census Tract 8105.01; Cook County; Illinois,4737.0,522.0,17,031,810501
Census Tract 8105.02; Cook County; Illinois,4999.0,847.0,17,031,810502
Census Tract 8106; Cook County; Illinois,3592.0,1191.0,17,031,810600
Census Tract 8107.01; Cook County; Illinois,2857.0,1722.0,17,031,810701
Census Tract 8107.02; Cook County; Illinois,2536.0,1512.0,17,031,810702
Census Tract 8108; Cook County; Illinois,3134.0,2175.0,17,031,810800
Census Tract 8109; Cook County; Illinois,4208.0,2116.0,17,031,810900
Census Tract 8110; Cook County; Illinois,3179.0,842.0,17,031,811000
Census Tract 8111; Cook County; Illinois,4615.0,2261.0,17,031,811100
Census Tract 8112; Cook County; Illinois,2857.0,2341.0,17,031,811200
Census Tract 8113.01; Cook County; Illinois,1310.0,2992.0,17,031,811301
Census Tract 8113.02; Cook County; Illinois,880.0,3108.0,17,031,811302
Census Tract 8114.01; Cook County; Illinois,2064.0,2785.0,17,031,811401
Census Tract 8114.02; Cook County; Illinois,1768.0,2450.0,17,031,811402
Census Tract 8115; Cook County; Illinois,3117.0,3093.0,17,031,811500
Census Tract 8116; Cook County; Illinois,4431.0,1396.0,17,031,811600
Census Tract 8117.01; Cook County; Illinois,883.0,2608.0,17,031,811701
Census Tract 8117.02; Cook County; Illinois,2084.0,3432.0,17,031,811702
Census Tract 8118; Cook County; Illinois,2279.0,3263.0,17,031,811800
Census Tract 8119; Cook County; Illinois,5798.0,328.0,17,031,811900
Census Tract 8120; Cook County; Illinois,5158.0,284.0,17,031,812000
Census Tract 8121; Cook County; Illinois,4547.0,289.0,17,031,812100
Census Tract 8122; Cook County; Illinois,3407.0,351.0,17,031,812200
Census Tract 8123.01; Cook County; Illinois,4504.0,680.0,17,031,812301
Census Tract 8123.02; Cook County; Illinois,2568.0,250.0,17,031,812302
Census Tract 8124; Cook County; Illinois,3081.0,214.0,17,031,812400
Census Tract 8125; Cook County; Illinois,3093.0,334.0,17,031,812500
Census Tract 8126; Cook County; Illinois,3322.0,266.0,17,031,812600
Census Tract 8127; Cook County; Illinois,2737.0,244.0,17,031,812700
Census Tract 8128.01; Cook County; Illinois,3231.0,167.0,17,031,812801
Census Tract 8128.02; Cook County; Illinois,2621.0,205.0,17,031,812802
Census Tract 8129; Cook County; Illinois,4236.0,352.0,17,031,812900
Census Tract 8130; Cook County; Illinois,3363.0,465.0,17,031,813000
Census Tract 8131; Cook County; Illinois,4167.0,562.0,17,031,813100
Census Tract 8132; Cook County; Illinois,3967.0,611.0,17,031,813200
Census Tract 8133.01; Cook County; Illinois,183.0,3109.0,17,031,813301
Census Tract 8133.02; Cook County; Illinois,166.0,2727.0,17,031,813302
Census Tract 8134; Cook County; Illinois,1545.0,6669.0,17,031,813400
Census Tract 8135; Cook County; Illinois,652.0,5646.0,17,031,813500
Census Tract 8136; Cook County; Illinois,416.0,5296.0,17,031,813600
Census Tract 8137.01; Cook County; Illinois,283.0,2613.0,17,031,813701
Census Tract 8137.02; Cook County; Illinois,879.0,3840.0,17,031,813702
Census Tract 8138.01; Cook County; Illinois,99.0,3183.0,17,031,813801
Census Tract 8138.02; Cook County; Illinois,539.0,3847.0,17,031,813802
Census Tract 8139; Cook County; Illinois,976.0,5845.0,17,031,813900
Census Tract 8140; Cook County; Illinois,590.0,3917.0,17,031,814000
Census Tract 8141; Cook County; Illinois,429.0,4364.0,17,031,814100
Census Tract 8142; Cook County; Illinois,600.0,7522.0,17,031,814200
Census Tract 8143; Cook County; Illinois,519.0,4221.0,17,031,814300
Census Tract 8144; Cook County; Illinois,1268.0,6384.0,17,031,814400
Census Tract 8145; Cook County; Illinois,1071.0,4791.0,17,031,814500
Census Tract 8146; Cook County; Illinois,2139.0,3817.0,17,031,814600
Census Tract 8147; Cook County; Illinois,1921.0,3150.0,17,031,814700
Census Tract 8148; Cook County; Illinois,3043.0,3065.0,17,031,814800
Census Tract 8149; Cook County; Illinois,3490.0,3076.0,17,031,814900
Census Tract 8150; Cook County; Illinois,1110.0,2729.0,17,031,815000
Census Tract 8151; Cook County; Illinois,1500.0,3301.0,17,031,815100
Census Tract 8152; Cook County; Illinois,2058.0,5484.0,17,031,815200
Census Tract 8153; Cook County; Illinois,1636.0,1902.0,17,031,815300
Census Tract 8154; Cook County; Illinois,3377.0,1941.0,17,031,815400
Census Tract 8155; Cook County; Illinois,1772.0,6045.0,17,031,815500
Census Tract 8156; Cook County; Illinois,4348.0,1114.0,17,031,815600
Census Tract 8157.01; Cook County; Illinois,2811.0,1024.0,17,031,815701
Census Tract 8157.02; Cook County; Illinois,3293.0,2090.0,17,031,815702
Census Tract 8158; Cook County; Illinois,1458.0,262.0,17,031,815800
Census Tract 8159; Cook County; Illinois,4381.0,375.0,17,031,815900
Census Tract 8160; Cook County; Illinois,3220.0,221.0,17,031,816000
Census Tract 8161; Cook County; Illinois,5224.0,744.0,17,031,816100
Census Tract 8162; Cook County; Illinois,2134.0,2500.0,17,031,816200
Census Tract 8163; Cook County; Illinois,966.0,3895.0,17,031,816300
Census Tract 8164.01; Cook County; Illinois,338.0,3423.0,17,031,816401
Census Tract 8164.02; Cook County; Illinois,641.0,4339.0,17,031,816402
Census Tract 8165; Cook County; Illinois,677.0,3368.0,17,031,816500
Census Tract 8166; Cook County; Illinois,298.0,4072.0,17,031,816600
Census Tract 8167; Cook County; Illinois,850.0,1960.0,17,031,816700
Census Tract 8168; Cook County; Illinois,3056.0,2480.0,17,031,816800
Census Tract 8169; Cook County; Illinois,3810.0,2097.0,17,031,816900
Census Tract 8170; Cook County; Illinois,3598.0,1384.0,17,031,817000
Census Tract 8171.01; Cook County; Illinois,4204.0,598.0,17,031,817101
Census Tract 8171.02; Cook County; Illinois,2701.0,219.0,17,031,817102
Census Tract 8172; Cook County; Illinois,3474.0,1014.0,17,031,817200
Census Tract 8173; Cook County; Illinois,1668.0,1200.0,17,031,817300
Census Tract 8174; Cook County; Illinois,1422.0,2560.0,17,031,817400
Census Tract 8175; Cook County; Illinois,2640.0,830.0,17,031,817500
Census Tract 8176; Cook County; Illinois,2937.0,523.0,17,031,817600
Census Tract 8177; Cook County; Illinois,4114.0,1003.0,17,031,817700
Census Tract 8179; Cook County; Illinois,5286.0,589.0,17,031,817900
Census Tract 8180; Cook County; Illinois,3238.0,915.0,17,031,818000
Census Tract 8181; Cook County; Illinois,1712.0,541.0,17,031,818100
Census Tract 8182; Cook County; Illinois,3584.0,1071.0,17,031,818200
Census Tract 8183; Cook County; Illinois,4145.0,2279.0,17,031,818300
Census Tract 8184.01; Cook County; Illinois,2391.0,671.0,17,031,818401
Census Tract 8184.02; Cook County; Illinois,2549.0,649.0,17,031,818402
Census Tract 8185; Cook County; Illinois,5155.0,538.0,17,031,818500
Census Tract 8186; Cook County; Illinois,4153.0,611.0,17,031,818600
Census Tract 8187; Cook County; Illinois,3230.0,641.0,17,031,818700
Census Tract 8188; Cook County; Illinois,4743.0,652.0,17,031,818800
Census Tract 8189; Cook County; Illinois,3648.0,1035.0,17,031,818900
Census Tract 8190; Cook County; Illinois,4197.0,392.0,17,031,819000
Census Tract 8191; Cook County; Illinois,2045.0,1959.0,17,031,819100
Census Tract 8192; Cook County; Illinois,2962.0,3728.0,17,031,819200
Census Tract 8193; Cook County; Illinois,2074.0,626.0,17,031,819300
Census Tract 8194; Cook County; Illinois,4292.0,1371.0,17,031,819400
Census Tract 8195; Cook County; Illinois,2693.0,755.0,17,031,819500
Census Tract 8196; Cook County; Illinois,3689.0,326.0,17,031,819600
Census Tract 8197; Cook County; Illinois,5500.0,243.0,17,031,819700
Census Tract 8198.01; Cook County; Illinois,4797.0,364.0,17,031,819801
Census Tract 8198.02; Cook County; Illinois,2340.0,123.0,17,031,819802
Census Tract 8199; Cook County; Illinois,3100.0,157.0,17,031,819900
Census Tract 8200; Cook County; Illinois,2089.0,72.0,17,031,820000
Census Tract 8201.01; Cook County; Illinois,7502.0,496.0,17,031,820101
Census Tract 8201.03; Cook County; Illinois,3585.0,694.0,17,031,820103
Census Tract 8201.04; Cook County; Illinois,3772.0,694.0,17,031,820104
Census Tract 8202.02; Cook County; Illinois,2058.0,1233.0,17,031,820202
Census Tract 8202.03; Cook County; Illinois,3006.0,690.0,17,031,820203
Census Tract 8202.04; Cook County; Illinois,3541.0,791.0,17,031,820204
Census Tract 8203; Cook County; Illinois,1372.0,4399.0,17,031,820300
Census Tract 8204; Cook County; Illinois,1508.0,3757.0,17,031,820400
Census Tract 8205.01; Cook County; Illinois,3445.0,1841.0,17,031,820501
Census Tract 8205.02; Cook County; Illinois,4118.0,1723.0,17,031,820502
Census Tract 8206.03; Cook County; Illinois,3309.0,1946.0,17,031,820603
Census Tract 8206.04; Cook County; Illinois,3132.0,414.0,17,031,820604
Census Tract 8206.05; Cook County; Illinois,4820.0,797.0,17,031,820605
Census Tract 8206.06; Cook County; Illinois,3309.0,666.0,17,031,820606
Census Tract 8207; Cook County; Illinois,2026.0,5005.0,17,031,820700
Census Tract 8208; Cook County; Illinois,1204.0,2227.0,17,031,820800
Census Tract 8209.01; Cook County; Illinois,2426.0,2584.0,17,031,820901
Census Tract 8209.02; Cook County; Illinois,2403.0,3739.0,17,031,820902
Census Tract 8210.01; Cook County; Illinois,2306.0,2566.0,17,031,821001
Census Tract 8210.02; Cook County; Illinois,3253.0,1880.0,17,031,821002
Census Tract 8211.01; Cook County; Illinois,3109.0,1751.0,17,031,821101
Census Tract 8211.02; Cook County; Illinois,2126.0,2463.0,17,031,821102
Census Tract 8212; Cook County; Illinois,3548.0,1775.0,17,031,821200
Census Tract 8213; Cook County; Illinois,3093.0,2760.0,17,031,821300
Census Tract 8214.01; Cook County; Illinois,2664.0,58.0,17,031,821401
Census Tract 8214.02; Cook County; Illinois,3325.0,50.0,17,031,821402
Census Tract 8215; Cook County; Illinois,1191.0,75.0,17,031,821500
Census Tract 8216; Cook County; Illinois,3579.0,690.0,17,031,821600
Census Tract 8217; Cook County; Illinois,4169.0,631.0,17,031,821700
Census Tract 8218; Cook County; Illinois,4367.0,868.0,17,031,821800
Census Tract 8219; Cook County; Illinois,4551.0,875.0,17,031,821900
Census Tract 8220; Cook County; Illinois,2931.0,1368.0,17,031,822000
Census Tract 8221.01; Cook County; Illinois,3612.0,953.0,17,031,822101
Census Tract 8221.02; Cook County; Illinois,3531.0,1132.0,17,031,822102
Census Tract 8222; Cook County; Illinois,3192.0,613.0,17,031,822200
Census Tract 8223.01; Cook County; Illinois,2776.0,888.0,17,031,822301
Census Tract 8223.02; Cook County; Illinois,3784.0,701.0,17,031,822302
Census Tract 8224; Cook County; Illinois,4830.0,1182.0,17,031,822400
Census Tract 8225; Cook County; Illinois,3311.0,984.0,17,031,822500
Census Tract 8226.01; Cook County; Illinois,3547.0,998.0,17,031,822601
Census Tract 8226.02; Cook County; Illinois,6756.0,1021.0,17,031,822602
Census Tract 8227.01; Cook County; Illinois,3625.0,1280.0,17,031,822701
Census Tract 8227.02; Cook County; Illinois,2368.0,996.0,17,031,822702
Census Tract 8228.01; Cook County; Illinois,2283.0,833.0,17,031,822801
Census Tract 8228.02; Cook County; Illinois,3017.0,634.0,17,031,822802
Census Tract 8229; Cook County; Illinois,1624.0,460.0,17,031,822900
Census Tract 8230.01; Cook County; Illinois,5788.0,1475.0,17,031,823001
Census Tract 8230.02; Cook County; Illinois,4115.0,1081.0,17,031,823002
Census Tract 8231.01; Cook County; Illinois,3779.0,538.0,17,031,823101
Census Tract 8231.02; Cook County; Illinois,2753.0,1018.0,17,031,823102
Census Tract 8232; Cook County; Illinois,3649.0,1100.0,17,031,823200
Census Tract 8233.02; Cook County; Illinois,4507.0,1198.0,17,031,823302
Census Tract 8233.03; Cook County; Illinois,3013.0,1242.0,17,031,823303
Census Tract 8233.04; Cook County; Illinois,4699.0,1583.0,17,031,823304
Census Tract 8234; Cook County; Illinois,2528.0,2118.0,17,031,823400
Census Tract 8235; Cook County; Illinois,2304.0,2122.0,17,031,823500
Census Tract 8236.02; Cook County; Illinois,5461.0,703.0,17,031,823602
Census Tract 8236.03; Cook County; Illinois,804.0,1488.0,17,031,823603
Census Tract 8236.04; Cook County; Illinois,2874.0,407.0,17,031,823604
Census Tract 8236.05; Cook County; Illinois,3519.0,509.0,17,031,823605
Census Tract 8237.02; Cook County; Illinois,5190.0,615.0,17,031,823702
Census Tract 8237.03; Cook County; Illinois,6929.0,2268.0,17,031,823703
Census Tract 8237.04; Cook County; Illinois,3332.0,726.0,17,031,823704
Census Tract 8237.05; Cook County; Illinois,4024.0,746.0,17,031,823705
Census Tract 8238.01; Cook County; Illinois,5032.0,344.0,17,031,823801
Census Tract 8238.03; Cook County; Illinois,6768.0,418.0,17,031,823803
Census Tract 8238.05; Cook County; Illinois,2761.0,269.0,17,031,823805
Census Tract 8238.06; Cook County; Illinois,3749.0,454.0,17,031,823806
Census Tract 8239.01; Cook County; Illinois,3838.0,182.0,17,031,823901
Census Tract 8239.03; Cook County; Illinois,4225.0,343.0,17,031,823903
Census Tract 8239.04; Cook County; Illinois,3627.0,334.0,17,031,823904
Census Tract 8240.03; Cook County; Illinois,5309.0,686.0,17,031,824003
Census Tract 8240.04; Cook County; Illinois,4650.0,121.0,17,031,824004
Census Tract 8240.05; Cook County; Illinois,5415.0,334.0,17,031,824005
Census Tract 8240.06; Cook County; Illinois,5619.0,394.0,17,031,824006
Census Tract 8241.05; Cook County; Illinois,6480.0,943.0,17,031,824105
Census Tract 8241.06; Cook County; Illinois,6030.0,504.0,17,031,824106
Census Tract 8241.07; Cook County; Illinois,5575.0,1855.0,17,031,824107
Census Tract 8241.13; Cook County; Illinois,6195.0,508.0,17,031,824113
Census Tract 8241.14; Cook County; Illinois,5050.0,173.0,17,031,824114
Census Tract 8241.15; Cook County; Illinois,3726.0,338.0,17,031,824115
Census Tract 8241.16; Cook County; Illinois,4189.0,1176.0,17,031,824116
Census Tract 8241.19; Cook County; Illinois,5020.0,312.0,17,031,824119
Census Tract 8241.21; Cook County; Illinois,2727.0,378.0,17,031,824121
Census Tract 8241.22; Cook County; Illinois,5384.0,551.0,17,031,824122
Census Tract 8241.23; Cook County; Illinois,6581.0,1067.0,17,031,824123
Census Tract 8241.24; Cook County; Illinois,2596.0,313.0,17,031,824124
Census Tract 8241.25; Cook County; Illinois,3773.0,670.0,17,031,824125
Census Tract 8241.26; Cook County; Illinois,5102.0,314.0,17,031,824126
Census Tract 8241.27; Cook County; Illinois,3507.0,494.0,17,031,824127
Census Tract 8241.28; Cook County; Illinois,4334.0,111.0,17,031,824128
Census Tract 8241.29; Cook County; Illinois,3898.0,176.0,17,031,824129
Census Tract 8243; Cook County; Illinois,4725.0,166.0,17,031,824300
Census Tract 8244; Cook County; Illinois,1576.0,279.0,17,031,824400
Census Tract 8245.03; Cook County; Illinois,5680.0,455.0,17,031,824503
Census Tract 8245.05; Cook County; Illinois,5466.0,1018.0,17,031,824505
Census Tract 8245.07; Cook County; Illinois,3220.0,430.0,17,031,824507
Census Tract 8245.08; Cook County; Illinois,2987.0,201.0,17,031,824508
Census Tract 8245.09; Cook County; Illinois,4690.0,414.0,17,031,824509
Census Tract 8246.01; Cook County; Illinois,3504.0,703.0,17,031,824601
Census Tract 8246.02; Cook County; Illinois,5650.0,941.0,17,031,824602
Census Tract 8247.01; Cook County; Illinois,2313.0,1219.0,17,031,824701
Census Tract 8247.02; Cook County; Illinois,3169.0,2361.0,17,031,824702
Census Tract 8248; Cook County; Illinois,2410.0,4723.0,17,031,824800
Census Tract 8249; Cook County; Illinois,2436.0,516.0,17,031,824900
Census Tract 8250; Cook County; Illinois,3778.0,623.0,17,031,825000
Census Tract 8252; Cook County; Illinois,1264.0,657.0,17,031,825200
Census Tract 8253.02; Cook County; Illinois,4650.0,822.0,17,031,825302
Census Tract 8253.03; Cook County; Illinois,3196.0,799.0,17,031,825303
Census Tract 8253.04; Cook County; Illinois,3605.0,587.0,17,031,825304
Census Tract 8254; Cook County; Illinois,4318.0,1184.0,17,031,825400
Census Tract 8255.01; Cook County; Illinois,5292.0,201.0,17,031,825501
Census Tract 8255.03; Cook County; Illinois,7446.0,113.0,17,031,825503
Census Tract 8255.04; Cook County; Illinois,3021.0,201.0,17,031,825504
Census Tract 8255.05; Cook County; Illinois,5188.0,158.0,17,031,825505
Census Tract 8256; Cook County; Illinois,4565.0,767.0,17,031,825600
Census Tract 8257; Cook County; Illinois,3070.0,958.0,17,031,825700
Census Tract 8258.01; Cook County; Illinois,3314.0,134.0,17,031,825801
Census Tract 8258.02; Cook County; Illinois,6651.0,588.0,17,031,825802
Census Tract 8258.03; Cook County; Illinois,5508.0,253.0,17,031,825803
Census Tract 8259; Cook County; Illinois,2291.0,1151.0,17,031,825900
Census Tract 8260; Cook County; Illinois,1355.0,1369.0,17,031,826000
Census Tract 8261; Cook County; Illinois,3767.0,931.0,17,031,826100
Census Tract 8262.01; Cook County; Illinois,3504.0,333.0,17,031,826201
Census Tract 8262.02; Cook County; Illinois,4024.0,1638.0,17,031,826202
Census Tract 8263.01; Cook County; Illinois,4205.0,160.0,17,031,826301
Census Tract 8263.03; Cook County; Illinois,3595.0,51.0,17,031,826303
Census Tract 8263.04; Cook County; Illinois,2947.0,0.0,17,031,826304
Census Tract 8264.01; Cook County; Illinois,3233.0,104.0,17,031,826401
Census Tract 8264.02; Cook County; Illinois,5000.0,109.0,17,031,826402
Census Tract 8265; Cook County; Illinois,5572.0,27.0,17,031,826500
Census Tract 8266; Cook County; Illinois,4055.0,817.0,17,031,826600
Census Tract 8267; Cook County; Illinois,4350.0,40.0,17,031,826700
Census Tract 8268; Cook County; Illinois,2221.0,2721.0,17,031,826800
Census Tract 8269.01; Cook County; Illinois,1502.0,226.0,17,031,826901
Census Tract 8269.02; Cook County; Illinois,954.0,513.0,17,031,826902
Census Tract 8270; Cook County; Illinois,3225.0,174.0,17,031,827000
Census Tract 8271; Cook County; Illinois,1669.0,330.0,17,031,827100
Census Tract 8272; Cook County; Illinois,2367.0,1204.0,17,031,827200
Census Tract 8273; Cook County; Illinois,2018.0,345.0,17,031,827300
Census Tract 8274; Cook County; Illinois,2345.0,436.0,17,031,827400
Census Tract 8275; Cook County; Illinois,1766.0,2623.0,17,031,827500
Census Tract 8276; Cook County; Illinois,2884.0,0.0,17,031,827600
Census Tract 8277; Cook County; Illinois,2273.0,386.0,17,031,827700
Census Tract 8278.01; Cook County; Illinois,4701.0,237.0,17,031,827801
Census Tract 8278.02; Cook County; Illinois,2866.0,198.0,17,031,827802
Census Tract 8278.04; Cook County; Illinois,2719.0,318.0,17,031,827804
Census Tract 8278.05; Cook County; Illinois,2645.0,0.0,17,031,827805
Census Tract 8279.01; Cook County; Illinois,1914.0,22.0,17,031,827901
Census Tract 8279.02; Cook County; Illinois,3417.0,914.0,17,031,827902
Census Tract 8280; Cook County; Illinois,3845.0,1274.0,17,031,828000
Census Tract 8281; Cook County; Illinois,4242.0,1146.0,17,031,828100
Census Tract 8282.01; Cook County; Illinois,2919.0,573.0,17,031,828201
Census Tract 8282.02; Cook County; Illinois,4754.0,580.0,17,031,828202
Census Tract 8283; Cook County; Illinois,2663.0,399.0,17,031,828300
Census Tract 8284.01; Cook County; Illinois,3532.0,216.0,17,031,828401
Census Tract 8284.02; Cook County; Illinois,3050.0,467.0,17,031,828402
Census Tract 8285.03; Cook County; Illinois,3935.0,339.0,17,031,828503
Census Tract 8285.04; Cook County; Illinois,4641.0,772.0,17,031,828504
Census Tract 8285.05; Cook County; Illinois,5982.0,1236.0,17,031,828505
Census Tract 8285.07; Cook County; Illinois,3889.0,275.0,17,031,828507
Census Tract 8285.08; Cook County; Illinois,3336.0,759.0,17,031,828508
Census Tract 8286.01; Cook County; Illinois,3813.0,578.0,17,031,828601
Census Tract 8286.02; Cook County; Illinois,4098.0,212.0,17,031,828602
Census Tract 8287.01; Cook County; Illinois,4047.0,352.0,17,031,828701
Census Tract 8287.02; Cook County; Illinois,3754.0,209.0,17,031,828702
Census Tract 8288.01; Cook County; Illinois,4383.0,509.0,17,031,828801
Census Tract 8288.02; Cook County; Illinois,2182.0,1070.0,17,031,828802
Census Tract 8289; Cook County; Illinois,2376.0,1393.0,17,031,828900
Census Tract 8290; Cook County; Illinois,967.0,67.0,17,031,829000
Census Tract 8291; Cook County; Illinois,1230.0,2152.0,17,031,829100
Census Tract 8292; Cook County; Illinois,2864.0,2759.0,17,031,829200
Census Tract 8293.01; Cook County; Illinois,3485.0,595.0,17,031,829301
Census Tract 8293.02; Cook County; Illinois,1970.0,1321.0,17,031,829302
Census Tract 8294.01; Cook County; Illinois,708.0,240.0,17,031,829401
Census Tract 8294.02; Cook County; Illinois,2912.0,177.0,17,031,829402
Census Tract 8295; Cook County; Illinois,2480.0,1506.0,17,031,829500
Census Tract 8296; Cook County; Illinois,2271.0,745.0,17,031,829600
Census Tract 8297; Cook County; Illinois,2686.0,218.0,17,031,829700
Census Tract 8298; Cook County; Illinois,6519.0,94.0,17,031,829800
Census Tract 8299.02; Cook County; Illinois,7045.0,126.0,17,031,829902
Census Tract 8299.03; Cook County; Illinois,3958.0,110.0,17,031,829903
Census Tract 8299.04; Cook County; Illinois,4032.0,134.0,17,031,829904
Census Tract 8300.01; Cook County; Illinois,1728.0,474.0,17,031,830001
Census Tract 8300.03; Cook County; Illinois,7916.0,279.0,17,031,830003
Census Tract 8300.04; Cook County; Illinois,6721.0,153.0,17,031,830004
Census Tract 8300.05; Cook County; Illinois,3653.0,11.0,17,031,830005
Census Tract 8300.06; Cook County; Illinois,2625.0,19.0,17,031,830006
Census Tract 8300.07; Cook County; Illinois,4651.0,296.0,17,031,830007
Census Tract 8300.08; Cook County; Illinois,4148.0,86.0,17,031,830008
Census Tract 8301; Cook County; Illinois,3015.0,184.0,17,031,830100
Census Tract 8302.01; Cook County; Illinois,4796.0,26.0,17,031,830201
Census Tract 8302.02; Cook County; Illinois,3410.0,390.0,17,031,830202
Census Tract 8303; Cook County; Illinois,4740.0,322.0,17,031,830300
Census Tract 8304; Cook County; Illinois,3398.0,380.0,17,031,830400
Census Tract 8305; Cook County; Illinois,52.0,3896.0,17,031,830500
Census Tract 8306; Cook County; Illinois,3462.0,1326.0,17,031,830600
Census Tract 8307; Cook County; Illinois,3688.0,561.0,17,031,830700
Census Tract 8308; Cook County; Illinois,2182.0,233.0,17,031,830800
Census Tract 8309; Cook County; Illinois,2022.0,935.0,17,031,830900
Census Tract 8310; Cook County; Illinois,2048.0,176.0,17,031,831000
Census Tract 8311; Cook County; Illinois,3578.0,3613.0,17,031,831100
Census Tract 8312; Cook County; Illinois,584.0,4126.0,17,031,831200
Census Tract 8313; Cook County; Illinois,316.0,860.0,17,031,831300
Census Tract 8314; Cook County; Illinois,2184.0,778.0,17,031,831400
Census Tract 8315; Cook County; Illinois,1733.0,2126.0,17,031,831500
Census Tract 8316; Cook County; Illinois,3170.0,4051.0,17,031,831600
Census Tract 8317; Cook County; Illinois,1200.0,1024.0,17,031,831700
Census Tract 8318; Cook County; Illinois,6495.0,1423.0,17,031,831800
Census Tract 8319; Cook County; Illinois,2717.0,357.0,17,031,831900
Census Tract 8320; Cook County; Illinois,1562.0,139.0,17,031,832000
Census Tract 8321; Cook County; Illinois,3153.0,439.0,17,031,832100
Census Tract 8322; Cook County; Illinois,2959.0,257.0,17,031,832200
Census Tract 8323; Cook County; Illinois,1687.0,251.0,17,031,832300
Census Tract 8324; Cook County; Illinois,2622.0,936.0,17,031,832400
Census Tract 8325; Cook County; Illinois,2911.0,366.0,17,031,832500
Census Tract 8326; Cook County; Illinois,4187.0,161.0,17,031,832600
Census Tract 8329; Cook County; Illinois,1944.0,148.0,17,031,832900
Census Tract 8330; Cook County; Illinois,4594.0,83.0,17,031,833000
Census Tract 8331; Cook County; Illinois,7858.0,611.0,17,031,833100
Census Tract 8333; Cook County; Illinois,2452.0,234.0,17,031,833300
Census Tract 8339; Cook County; Illinois,1365.0,1331.0,17,031,833900
Census Tract 8340; Cook County; Illinois,3274.0,0.0,17,031,834000
Census Tract 8342; Cook County; Illinois,5668.0,21.0,17,031,834200
Census Tract 8343; Cook County; Illinois,6137.0,49.0,17,031,834300
Census Tract 8344; Cook County; Illinois,4140.0,123.0,17,031,834400
Census Tract 8345; Cook County; Illinois,1572.0,0.0,17,031,834500
Census Tract 8346; Cook County; Illinois,1597.0,228.0,17,031,834600
Census Tract 8347; Cook County; Illinois,1148.0,196.0,17,031,834700
Census Tract 8348; Cook County; Illinois,1590.0,93.0,17,031,834800
Census Tract 8349; Cook County; Illinois,904.0,1.0,17,031,834900
Census Tract 8350; Cook County; Illinois,2116.0,3433.0,17,031,835000
Census Tract 8351; Cook County; Illinois,738.0,3928.0,17,031,835100
Census Tract 8352; Cook County; Illinois,599.0,1677.0,17,031,835200
Census Tract 8355; Cook County; Illinois,1213.0,180.0,17,031,835500
Census Tract 8356; Cook County; Illinois,708.0,41.0,17,031,835600
Census Tract 8358; Cook County; Illinois,1674.0,178.0,17,031,835800
Census Tract 8360; Cook County; Illinois,2976.0,46.0,17,031,836000
Census Tract 8361; Cook County; Illinois,1815.0,12.0,17,031,836100
Census Tract 8362; Cook County; Illinois,1553.0,156.0,17,031,836200
Census Tract 8363; Cook County; Illinois,1687.0,57.0,17,031,836300
Census Tract 8364; Cook County; Illinois,3537.0,246.0,17,031,836400
Census Tract 8365; Cook County; Illinois,1505.0,17.0,17,031,836500
Census Tract 8366; Cook County; Illinois,1297.0,978.0,17,031,836600
Census Tract 8367; Cook County; Illinois,2025.0,482.0,17,031,836700
Census Tract 8368; Cook County; Illinois,2613.0,22.0,17,031,836800
Census Tract 8369; Cook County; Illinois,1740.0,254.0,17,031,836900
Census Tract 8370; Cook County; Illinois,1651.0,192.0,17,031,837000
Census Tract 8371; Cook County; Illinois,1034.0,481.0,17,031,837100
Census Tract 8373; Cook County; Illinois,2496.0,19.0,17,031,837300
Census Tract 8374; Cook County; Illinois,1853.0,333.0,17,031,837400
Census Tract 8378; Cook County; Illinois,2476.0,399.0,17,031,837800
Census Tract 8380; Cook County; Illinois,2329.0,342.0,17,031,838000
Census Tract 8381; Cook County; Illinois,1419.0,82.0,17,031,838100
Census Tract 8382; Cook County; Illinois,1479.0,355.0,17,031,838200
Census Tract 8383; Cook County; Illinois,2409.0,74.0,17,031,838300
Census Tract 8386; Cook County; Illinois,1292.0,226.0,17,031,838600
Census Tract 8387; Cook County; Illinois,3122.0,615.0,17,031,838700
Census Tract 8388; Cook County; Illinois,2100.0,1125.0,17,031,838800
Census Tract 8390; Cook County; Illinois,9203.0,987.0,17,031,839000
Census Tract 8391; Cook County; Illinois,7044.0,1183.0,17,031,839100
Census Tract 8392; Cook County; Illinois,2335.0,40.0,17,031,839200
Census Tract 8395; Cook County; Illinois,1459.0,345.0,17,031,839500
Census Tract 8396; Cook County; Illinois,1851.0,114.0,17,031,839600
Census Tract 8397; Cook County; Illinois,3192.0,1561.0,17,031,839700
Census Tract 8398; Cook County; Illinois,2251.0,411.0,17,031,839800
Census Tract 8399; Cook County; Illinois,2938.0,1620.0,17,031,839900
Census Tract 8400; Cook County; Illinois,2214.0,437.0,17,031,840000
Census Tract 8401; Cook County; Illinois,2684.0,196.0,17,031,840100
Census Tract 8402; Cook County; Illinois,1791.0,407.0,17,031,840200
Census Tract 8403; Cook County; Illinois,1545.0,2101.0,17,031,840300
Census Tract 8404; Cook County; Illinois,2182.0,1252.0,17,031,840400
Census Tract 8407; Cook County; Illinois,960.0,2970.0,17,031,840700
Census Tract 8408; Cook County; Illinois,89.0,3169.0,17,031,840800
Census Tract 8410; Cook County; Illinois,1079.0,69.0,17,031,841000
Census Tract 8411; Cook County; Illinois,6896.0,94.0,17,031,841100
Census Tract 8412; Cook County; Illinois,923.0,3491.0,17,031,841200
Census Tract 8413; Cook County; Illinois,1201.0,3116.0,17,031,841300
Census Tract 8415; Cook County; Illinois,1832.0,77.0,17,031,841500
Census Tract 8417; Cook County; Illinois,522.0,615.0,17,031,841700
Census Tract 8418; Cook County; Illinois,2006.0,324.0,17,031,841800
Census Tract 8419; Cook County; Illinois,5265.0,718.0,17,031,841900
Census Tract 8420; Cook County; Illinois,2561.0,233.0,17,031,842000
Census Tract 8421; Cook County; Illinois,3859.0,3251.0,17,031,842100
Census Tract 8422; Cook County; Illinois,3432.0,170.0,17,031,842200
Census Tract 8423; Cook County; Illinois,3406.0,266.0,17,031,842300
Census Tract 8424; Cook County; Illinois,3134.0,73.0,17,031,842400
Census Tract 8425; Cook County; Illinois,2369.0,80.0,17,031,842500
Census Tract 8426; Cook County; Illinois,2837.0,1703.0,17,031,842600
Census Tract 8428; Cook County; Illinois,572.0,5497.0,17,031,842800
Census Tract 8429; Cook County; Illinois,3087.0,129.0,17,031,842900
Census Tract 8430; Cook County; Illinois,2341.0,58.0,17,031,843000
Census Tract 8431; Cook County; Illinois,1390.0,174.0,17,031,843100
Census Tract 8432; Cook County; Illinois,922.0,1426.0,17,031,843200
Census Tract 8433; Cook County; Illinois,1237.0,335.0,17,031,843300
Census Tract 8434; Cook County; Illinois,701.0,508.0,17,031,843400
Census Tract 8435; Cook County; Illinois,7178.0,2220.0,17,031,843500
Census Tract 8436; Cook County; Illinois,2803.0,163.0,17,031,843600
Census Tract 8437; Cook County; Illinois,2079.0,374.0,17,031,843700
Census Tract 8438; Cook County; Illinois,1258.0,221.0,17,031,843800
Census Tract 8439; Cook County; Illinois,3573.0,127.0,17,031,843900
Census Tract 8446; Cook County; Illinois,2254.0,21.0,17,031,844600
Census Tract 8447; Cook County; Illinois,1392.0,361.0,17,031,844700
Census Tract 9800; Cook County; Illinois,0.0,0.0,17,031,980000
Census Tract 9801; Cook County; Illinois,0.0,0.0,17,031,980100
Census Tract 9900; Cook County; Illinois,0.0,0.0,17,031,990000
